user,date,weekday,time,permanence_times,parking_lot
90,2018-04-24,Tue,18:00,318,39
91,2018-04-24,Tue,9:30,197,39
98,2018-04-24,Tue,9:30,106,39
93,2018-04-25,Wed,17:30,185,4
27,2018-04-25,Wed,4:00,93,4
16,2018-04-25,Wed,5:30,152,4
93,2018-04-25,Wed,7:30,400,4
37,2018-04-25,Wed,9:30,245,4
109,2018-04-25,Wed,11:30,182,11
19,2018-04-25,Wed,11:30,253,11
110,2018-04-25,Wed,11:30,282,11
109,2018-04-25,Wed,15:30,370,11
29,2018-04-25,Wed,4:00,205,11
36,2018-04-25,Wed,6:00,55,11
119,2018-04-25,Wed,7:30,44,11
8,2018-04-25,Wed,7:30,67,11
110,2018-04-25,Wed,8:00,100,11
111,2018-04-25,Wed,8:00,305,11
106,2018-04-25,Wed,9:30,120,11
108,2018-04-25,Wed,9:30,216,11
119,2018-04-25,Wed,9:30,312,11
7,2018-04-25,Wed,5:30,231,16
34,2018-04-25,Wed,6:00,199,16
12,2018-04-25,Wed,9:30,321,16
120,2018-04-25,Wed,10:00,177,19
1,2018-04-25,Wed,11:30,383,19
145,2018-04-25,Wed,11:30,134,19
94,2018-04-25,Wed,16:00,308,19
43,2018-04-25,Wed,6:00,434,19
23,2018-04-25,Wed,7:30,421,19
41,2018-04-25,Wed,8:00,281,19
99,2018-04-25,Wed,8:00,166,19
133,2018-04-25,Wed,11:30,186,21
133,2018-04-25,Wed,9:30,142,21
125,2018-04-25,Wed,9:30,178,21
5,2018-04-25,Wed,11:30,391,29
122,2018-04-25,Wed,11:30,176,29
26,2018-04-25,Wed,5:30,310,29
92,2018-04-25,Wed,9:30,273,29
122,2018-04-25,Wed,9:30,129,29
17,2018-04-25,Wed,16:00,264,30
11,2018-04-25,Wed,8:00,126,30
130,2018-04-25,Wed,9:30,208,30
89,2018-04-25,Wed,16:00,266,32
89,2018-04-25,Wed,21:30,279,32
13,2018-04-25,Wed,6:00,139,32
3,2018-04-25,Wed,7:30,145,32
150,2018-04-25,Wed,7:30,359,32
9,2018-04-25,Wed,8:00,349,32
13,2018-04-25,Wed,8:00,237,32
2,2018-04-25,Wed,9:30,198,32
91,2018-04-25,Wed,11:30,121,39
90,2018-04-25,Wed,16:00,186,39
91,2018-04-25,Wed,17:30,89,39
125,2018-04-25,Wed,6:00,171,39
90,2018-04-25,Wed,8:00,127,39
33,2018-04-25,Wed,9:30,283,39
29,2018-04-26,Thu,10:00,269,4
93,2018-04-26,Thu,14:00,221,4
16,2018-04-26,Thu,19:30,162,4
106,2018-04-26,Thu,10:00,321,11
119,2018-04-26,Thu,10:00,161,11
109,2018-04-26,Thu,11:30,36,11
8,2018-04-26,Thu,14:00,139,11
109,2018-04-26,Thu,14:00,263,11
111,2018-04-26,Thu,14:00,97,11
38,2018-04-26,Thu,15:30,74,11
110,2018-04-26,Thu,15:30,126,11
106,2018-04-26,Thu,17:30,149,11
108,2018-04-26,Thu,6:00,651,11
119,2018-04-26,Thu,6:00,237,11
110,2018-04-26,Thu,9:30,134,11
111,2018-04-26,Thu,9:30,165,11
12,2018-04-26,Thu,15:30,362,16
94,2018-04-26,Thu,10:00,380,19
107,2018-04-26,Thu,11:30,98,19
117,2018-04-26,Thu,11:30,244,19
118,2018-04-26,Thu,15:30,354,19
107,2018-04-26,Thu,16:00,174,19
23,2018-04-26,Thu,17:30,224,19
112,2018-04-26,Thu,6:00,150,19
95,2018-04-26,Thu,10:00,36,21
45,2018-04-26,Thu,14:00,264,21
91,2018-04-26,Thu,14:00,226,21
97,2018-04-26,Thu,6:00,218,21
135,2018-04-26,Thu,6:00,325,21
95,2018-04-26,Thu,8:00,40,21
133,2018-04-26,Thu,8:00,182,21
95,2018-04-26,Thu,8:00,49,21
124,2018-04-26,Thu,9:30,118,21
122,2018-04-26,Thu,10:00,131,29
92,2018-04-26,Thu,9:30,359,29
101,2018-04-26,Thu,11:30,73,30
130,2018-04-26,Thu,12:00,293,30
11,2018-04-26,Thu,14:00,357,30
17,2018-04-26,Thu,14:00,262,30
149,2018-04-26,Thu,10:00,208,32
89,2018-04-26,Thu,11:30,152,32
127,2018-04-26,Thu,12:00,102,32
89,2018-04-26,Thu,14:00,109,32
89,2018-04-26,Thu,16:00,294,32
150,2018-04-26,Thu,7:30,164,32
42,2018-04-26,Thu,10:00,263,39
91,2018-04-26,Thu,11:30,194,39
124,2018-04-26,Thu,11:30,173,39
98,2018-04-26,Thu,14:00,121,39
42,2018-04-26,Thu,15:30,182,39
90,2018-04-26,Thu,15:30,225,39
90,2018-04-26,Thu,5:30,334,39
93,2018-04-27,Fri,10:00,421,4
93,2018-04-27,Fri,17:30,222,4
29,2018-04-27,Fri,6:00,116,4
27,2018-04-27,Fri,7:30,129,4
134,2018-04-27,Fri,8:00,120,4
37,2018-04-27,Fri,9:30,213,4
111,2018-04-27,Fri,10:00,39,11
108,2018-04-27,Fri,10:00,293,11
110,2018-04-27,Fri,10:00,162,11
19,2018-04-27,Fri,11:30,45,11
111,2018-04-27,Fri,11:30,125,11
37,2018-04-27,Fri,13:30,223,11
111,2018-04-27,Fri,14:00,233,11
109,2018-04-27,Fri,4:00,35,11
109,2018-04-27,Fri,5:30,255,11
119,2018-04-27,Fri,6:00,94,11
119,2018-04-27,Fri,7:30,259,11
108,2018-04-27,Fri,8:00,79,11
106,2018-04-27,Fri,9:30,43,11
34,2018-04-27,Fri,7:30,99,16
113,2018-04-27,Fri,10:00,442,19
23,2018-04-27,Fri,11:30,280,19
94,2018-04-27,Fri,12:00,160,19
94,2018-04-27,Fri,16:00,131,19
145,2018-04-27,Fri,6:00,166,19
44,2018-04-27,Fri,8:00,317,19
97,2018-04-27,Fri,10:00,293,21
91,2018-04-27,Fri,10:00,110,21
45,2018-04-27,Fri,13:30,147,21
21,2018-04-27,Fri,14:00,326,21
135,2018-04-27,Fri,8:00,134,21
5,2018-04-27,Fri,11:30,302,29
92,2018-04-27,Fri,11:30,280,29
92,2018-04-27,Fri,7:30,168,29
17,2018-04-27,Fri,5:30,144,30
11,2018-04-27,Fri,6:00,84,30
11,2018-04-27,Fri,9:30,184,30
101,2018-04-27,Fri,9:30,198,30
13,2018-04-27,Fri,12:00,263,32
3,2018-04-27,Fri,16:00,314,32
89,2018-04-27,Fri,16:00,263,32
2,2018-04-27,Fri,5:30,242,32
9,2018-04-27,Fri,7:30,150,32
127,2018-04-27,Fri,7:30,293,32
89,2018-04-27,Fri,9:30,125,32
42,2018-04-27,Fri,10:00,125,39
90,2018-04-27,Fri,12:00,146,39
41,2018-04-27,Fri,13:30,211,39
33,2018-04-27,Fri,14:00,240,39
90,2018-04-27,Fri,16:00,133,39
91,2018-04-27,Fri,6:00,81,39
91,2018-04-27,Fri,8:00,104,39
125,2018-04-27,Fri,9:30,182,39
93,2018-04-28,Sat,10:00,182,4
93,2018-04-28,Sat,16:00,118,4
86,2018-04-28,Sat,16:00,248,19
88,2018-04-28,Sat,17:30,167,19
116,2018-04-28,Sat,5:30,392,19
85,2018-04-28,Sat,7:30,369,19
89,2018-04-28,Sat,11:30,326,32
90,2018-04-28,Sat,10:00,69,39
90,2018-04-28,Sat,13:30,273,39
90,2018-04-28,Sat,18:00,276,39
85,2018-04-29,Sun,9:30,70,19
87,2018-04-29,Sun,9:30,240,21
27,2018-04-30,Mon,10:00,389,4
29,2018-04-30,Mon,10:00,200,4
134,2018-04-30,Mon,12:00,143,4
93,2018-04-30,Mon,16:00,54,4
93,2018-04-30,Mon,18:00,191,4
16,2018-04-30,Mon,6:00,292,4
19,2018-04-30,Mon,11:30,30,11
77,2018-04-30,Mon,12:00,277,11
109,2018-04-30,Mon,14:00,65,11
110,2018-04-30,Mon,3:30,43,11
25,2018-04-30,Mon,5:30,135,11
98,2018-04-30,Mon,6:00,245,11
137,2018-04-30,Mon,6:00,119,11
38,2018-04-30,Mon,7:30,220,11
136,2018-04-30,Mon,7:30,118,11
110,2018-04-30,Mon,7:30,158,11
108,2018-04-30,Mon,8:00,253,11
45,2018-04-30,Mon,8:00,273,11
97,2018-04-30,Mon,9:30,116,11
106,2018-04-30,Mon,9:30,233,11
109,2018-04-30,Mon,9:30,267,11
111,2018-04-30,Mon,9:30,215,11
7,2018-04-30,Mon,10:00,144,16
104,2018-04-30,Mon,12:00,105,16
34,2018-04-30,Mon,6:00,48,16
34,2018-04-30,Mon,7:30,179,16
104,2018-04-30,Mon,8:00,72,16
94,2018-04-30,Mon,16:00,187,19
42,2018-04-30,Mon,4:00,182,19
145,2018-04-30,Mon,8:00,234,19
94,2018-04-30,Mon,9:30,274,19
97,2018-04-30,Mon,11:30,153,21
133,2018-04-30,Mon,5:30,153,21
95,2018-04-30,Mon,8:00,444,21
135,2018-04-30,Mon,9:30,132,21
92,2018-04-30,Mon,10:00,310,29
5,2018-04-30,Mon,4:00,234,29
92,2018-04-30,Mon,8:00,144,29
5,2018-04-30,Mon,8:00,308,29
122,2018-04-30,Mon,9:30,334,29
11,2018-04-30,Mon,10:00,302,30
144,2018-04-30,Mon,16:00,239,30
17,2018-04-30,Mon,6:00,132,30
11,2018-04-30,Mon,7:30,81,30
101,2018-04-30,Mon,8:00,142,30
130,2018-04-30,Mon,8:00,105,30
89,2018-04-30,Mon,10:00,375,32
127,2018-04-30,Mon,10:00,313,32
89,2018-04-30,Mon,17:30,249,32
2,2018-04-30,Mon,8:00,235,32
98,2018-04-30,Mon,10:00,91,39
91,2018-04-30,Mon,11:30,147,39
33,2018-04-30,Mon,11:30,57,39
90,2018-04-30,Mon,12:00,71,39
90,2018-04-30,Mon,16:00,237,39
91,2018-04-30,Mon,16:00,218,39
132,2018-04-30,Mon,4:00,110,39
134,2018-05-01,Tue,11:30,200,4
29,2018-05-01,Tue,14:00,322,4
37,2018-05-01,Tue,14:00,164,4
93,2018-05-01,Tue,14:00,195,4
16,2018-05-01,Tue,19:30,161,4
136,2018-05-01,Tue,7:30,177,4
93,2018-05-01,Tue,9:30,229,4
110,2018-05-01,Tue,10:00,78,11
108,2018-05-01,Tue,10:00,138,11
119,2018-05-01,Tue,10:00,239,11
106,2018-05-01,Tue,11:30,272,11
129,2018-05-01,Tue,11:30,62,11
25,2018-05-01,Tue,14:00,272,11
30,2018-05-01,Tue,14:00,333,11
108,2018-05-01,Tue,14:00,183,11
109,2018-05-01,Tue,14:00,216,11
119,2018-05-01,Tue,14:00,44,11
106,2018-05-01,Tue,16:00,180,11
110,2018-05-01,Tue,17:30,278,11
36,2018-05-01,Tue,21:30,31,11
108,2018-05-01,Tue,6:00,224,11
109,2018-05-01,Tue,8:00,239,11
119,2018-05-01,Tue,9:30,51,11
111,2018-05-01,Tue,9:30,80,11
129,2018-05-01,Tue,12:00,78,16
12,2018-05-01,Tue,16:00,131,16
104,2018-05-01,Tue,6:00,176,16
1,2018-05-01,Tue,11:30,162,19
145,2018-05-01,Tue,14:00,180,19
1,2018-05-01,Tue,14:00,154,19
23,2018-05-01,Tue,14:00,316,19
94,2018-05-01,Tue,14:00,257,19
112,2018-05-01,Tue,19:30,280,19
84,2018-05-01,Tue,5:30,222,19
94,2018-05-01,Tue,7:30,327,19
44,2018-05-01,Tue,7:30,332,19
97,2018-05-01,Tue,10:00,159,21
124,2018-05-01,Tue,13:30,108,21
124,2018-05-01,Tue,15:30,93,21
135,2018-05-01,Tue,7:30,482,21
45,2018-05-01,Tue,8:00,411,21
122,2018-05-01,Tue,12:00,418,29
92,2018-05-01,Tue,15:30,369,29
5,2018-05-01,Tue,18:00,135,29
92,2018-05-01,Tue,8:00,407,29
11,2018-05-01,Tue,18:00,314,30
101,2018-05-01,Tue,5:30,35,30
150,2018-05-01,Tue,10:00,185,32
2,2018-05-01,Tue,14:00,303,32
89,2018-05-01,Tue,14:00,111,32
3,2018-05-01,Tue,15:30,205,32
89,2018-05-01,Tue,17:30,204,32
13,2018-05-01,Tue,21:30,88,32
127,2018-05-01,Tue,7:30,110,32
149,2018-05-01,Tue,9:30,202,32
98,2018-05-01,Tue,11:30,125,39
33,2018-05-01,Tue,14:00,383,39
90,2018-05-01,Tue,14:00,321,39
41,2018-05-01,Tue,6:00,297,39
42,2018-05-01,Tue,8:00,239,39
91,2018-05-01,Tue,8:00,477,39
136,2018-05-02,Wed,10:00,446,4
134,2018-05-02,Wed,11:30,263,4
93,2018-05-02,Wed,12:00,377,4
16,2018-05-02,Wed,5:30,160,4
93,2018-05-02,Wed,8:00,171,4
27,2018-05-02,Wed,8:00,185,4
29,2018-05-02,Wed,8:00,300,4
108,2018-05-02,Wed,10:00,139,11
36,2018-05-02,Wed,10:00,164,11
95,2018-05-02,Wed,10:00,69,11
110,2018-05-02,Wed,10:00,82,11
109,2018-05-02,Wed,11:30,195,11
37,2018-05-02,Wed,11:30,178,11
119,2018-05-02,Wed,11:30,63,11
19,2018-05-02,Wed,12:00,103,11
108,2018-05-02,Wed,14:00,253,11
110,2018-05-02,Wed,14:00,239,11
93,2018-05-02,Wed,18:00,230,11
27,2018-05-02,Wed,5:30,211,11
19,2018-05-02,Wed,8:00,160,11
111,2018-05-02,Wed,8:00,302,11
104,2018-05-02,Wed,8:00,101,11
119,2018-05-02,Wed,8:00,120,11
106,2018-05-02,Wed,9:30,253,11
45,2018-05-02,Wed,9:30,300,11
7,2018-05-02,Wed,1:30,165,16
77,2018-05-02,Wed,21:30,161,16
34,2018-05-02,Wed,3:30,50,16
129,2018-05-02,Wed,6:00,144,16
20,2018-05-02,Wed,10:00,178,19
1,2018-05-02,Wed,10:00,190,19
41,2018-05-02,Wed,11:30,105,19
94,2018-05-02,Wed,16:00,339,19
34,2018-05-02,Wed,4:00,89,19
23,2018-05-02,Wed,6:00,344,19
44,2018-05-02,Wed,6:00,171,19
43,2018-05-02,Wed,7:30,418,19
113,2018-05-02,Wed,9:30,175,19
120,2018-05-02,Wed,9:30,182,19
147,2018-05-02,Wed,9:30,106,19
21,2018-05-02,Wed,10:00,150,21
133,2018-05-02,Wed,9:30,139,21
122,2018-05-02,Wed,7:30,226,29
92,2018-05-02,Wed,9:30,280,29
130,2018-05-02,Wed,10:00,172,30
11,2018-05-02,Wed,4:00,231,30
144,2018-05-02,Wed,8:00,224,30
149,2018-05-02,Wed,10:00,339,32
89,2018-05-02,Wed,16:00,245,32
89,2018-05-02,Wed,21:30,255,32
3,2018-05-02,Wed,5:30,56,32
9,2018-05-02,Wed,9:30,347,32
91,2018-05-02,Wed,16:00,156,39
33,2018-05-02,Wed,7:30,355,39
90,2018-05-02,Wed,8:00,223,39
91,2018-05-02,Wed,9:30,267,39
29,2018-05-03,Thu,10:00,290,4
134,2018-05-03,Thu,11:30,173,4
137,2018-05-03,Thu,11:30,242,4
93,2018-05-03,Thu,14:00,207,4
27,2018-05-03,Thu,18:00,240,4
106,2018-05-03,Thu,11:30,212,11
111,2018-05-03,Thu,11:30,35,11
119,2018-05-03,Thu,11:30,66,11
38,2018-05-03,Thu,14:00,317,11
111,2018-05-03,Thu,14:00,139,11
108,2018-05-03,Thu,15:30,208,11
106,2018-05-03,Thu,16:00,293,11
19,2018-05-03,Thu,17:30,58,11
119,2018-05-03,Thu,6:00,55,11
108,2018-05-03,Thu,7:30,381,11
119,2018-05-03,Thu,7:30,215,11
110,2018-05-03,Thu,8:00,88,11
109,2018-05-03,Thu,9:30,336,11
111,2018-05-03,Thu,9:30,95,11
129,2018-05-03,Thu,11:30,326,16
34,2018-05-03,Thu,14:00,157,16
7,2018-05-03,Thu,15:30,108,16
12,2018-05-03,Thu,15:30,364,16
112,2018-05-03,Thu,11:30,187,19
94,2018-05-03,Thu,14:00,209,19
107,2018-05-03,Thu,15:30,228,19
1,2018-05-03,Thu,16:00,181,19
20,2018-05-03,Thu,17:30,346,19
118,2018-05-03,Thu,18:00,332,19
94,2018-05-03,Thu,8:00,152,19
135,2018-05-03,Thu,5:30,203,21
95,2018-05-03,Thu,6:00,51,21
97,2018-05-03,Thu,6:00,165,21
133,2018-05-03,Thu,7:30,353,21
95,2018-05-03,Thu,7:30,47,21
95,2018-05-03,Thu,8:00,35,21
122,2018-05-03,Thu,11:30,177,29
92,2018-05-03,Thu,16:00,252,29
5,2018-05-03,Thu,17:30,351,29
92,2018-05-03,Thu,9:30,328,29
130,2018-05-03,Thu,12:00,303,30
11,2018-05-03,Thu,14:00,81,30
127,2018-05-03,Thu,10:00,212,32
89,2018-05-03,Thu,11:30,123,32
149,2018-05-03,Thu,12:00,121,32
89,2018-05-03,Thu,14:00,265,32
90,2018-05-03,Thu,14:00,205,39
91,2018-05-03,Thu,14:00,258,39
42,2018-05-03,Thu,17:30,138,39
90,2018-05-03,Thu,5:30,113,39
91,2018-05-03,Thu,7:30,339,39
90,2018-05-03,Thu,8:00,151,39
93,2018-05-04,Fri,11:30,212,4
93,2018-05-04,Fri,16:00,302,4
134,2018-05-04,Fri,6:00,123,4
37,2018-05-04,Fri,8:00,357,4
29,2018-05-04,Fri,8:00,296,4
106,2018-05-04,Fri,10:00,268,11
111,2018-05-04,Fri,11:30,115,11
30,2018-05-04,Fri,11:30,174,11
111,2018-05-04,Fri,15:30,261,11
109,2018-05-04,Fri,7:30,113,11
110,2018-05-04,Fri,8:00,245,11
27,2018-05-04,Fri,8:00,152,11
16,2018-05-04,Fri,9:30,111,11
34,2018-05-04,Fri,10:00,129,16
12,2018-05-04,Fri,11:30,242,16
129,2018-05-04,Fri,11:30,183,16
7,2018-05-04,Fri,6:00,82,16
23,2018-05-04,Fri,10:00,231,19
94,2018-05-04,Fri,12:00,305,19
20,2018-05-04,Fri,13:30,209,19
94,2018-05-04,Fri,18:00,141,19
116,2018-05-04,Fri,6:00,181,19
118,2018-05-04,Fri,9:30,448,19
97,2018-05-04,Fri,11:30,225,21
21,2018-05-04,Fri,13:30,213,21
135,2018-05-04,Fri,7:30,144,21
21,2018-05-04,Fri,9:30,231,21
5,2018-05-04,Fri,12:00,253,29
5,2018-05-04,Fri,16:00,201,29
92,2018-05-04,Fri,6:00,167,29
122,2018-05-04,Fri,9:30,124,29
11,2018-05-04,Fri,10:00,225,30
11,2018-05-04,Fri,8:00,96,30
17,2018-05-04,Fri,8:00,144,30
92,2018-05-04,Fri,9:30,192,30
3,2018-05-04,Fri,13:30,350,32
13,2018-05-04,Fri,13:30,191,32
89,2018-05-04,Fri,16:00,166,32
2,2018-05-04,Fri,4:00,110,32
149,2018-05-04,Fri,6:00,239,32
127,2018-05-04,Fri,7:30,184,32
9,2018-05-04,Fri,9:30,508,32
89,2018-05-04,Fri,9:30,337,32
90,2018-05-04,Fri,10:00,260,39
41,2018-05-04,Fri,13:30,251,39
33,2018-05-04,Fri,13:30,374,39
42,2018-05-04,Fri,14:00,201,39
90,2018-05-04,Fri,16:00,57,39
91,2018-05-04,Fri,16:00,268,39
91,2018-05-04,Fri,9:30,342,39
98,2018-05-04,Fri,9:30,201,39
86,2018-05-05,Sat,16:00,178,19
88,2018-05-05,Sat,17:30,90,19
85,2018-05-05,Sat,8:00,535,19
94,2018-05-05,Sat,9:30,220,19
87,2018-05-05,Sat,16:00,139,21
91,2018-05-05,Sat,12:00,173,39
91,2018-05-05,Sat,16:00,122,39
91,2018-05-05,Sat,18:00,168,39
90,2018-05-05,Sat,9:30,231,39
93,2018-05-06,Sun,13:30,291,4
93,2018-05-06,Sun,9:30,233,11
117,2018-05-06,Sun,10:00,207,19
28,2018-05-06,Sun,8:00,235,19
86,2018-05-06,Sun,9:30,290,19
84,2018-05-06,Sun,12:00,116,21
93,2018-05-07,Mon,16:00,334,4
93,2018-05-07,Mon,22:00,284,4
16,2018-05-07,Mon,7:30,74,4
136,2018-05-07,Mon,7:30,191,4
29,2018-05-07,Mon,8:00,309,4
37,2018-05-07,Mon,8:00,306,4
8,2018-05-07,Mon,10:00,231,11
30,2018-05-07,Mon,10:00,115,11
106,2018-05-07,Mon,10:00,243,11
110,2018-05-07,Mon,2:00,46,11
98,2018-05-07,Mon,5:30,38,11
106,2018-05-07,Mon,7:30,157,11
108,2018-05-07,Mon,7:30,400,11
111,2018-05-07,Mon,7:30,387,11
119,2018-05-07,Mon,7:30,298,11
45,2018-05-07,Mon,7:30,187,11
109,2018-05-07,Mon,8:00,61,11
25,2018-05-07,Mon,8:00,185,11
36,2018-05-07,Mon,8:00,246,11
97,2018-05-07,Mon,9:30,111,11
16,2018-05-07,Mon,9:30,385,11
19,2018-05-07,Mon,9:30,163,11
38,2018-05-07,Mon,9:30,140,11
109,2018-05-07,Mon,9:30,308,11
77,2018-05-07,Mon,11:30,215,16
34,2018-05-07,Mon,4:00,151,16
77,2018-05-07,Mon,8:00,139,16
34,2018-05-07,Mon,8:00,208,16
104,2018-05-07,Mon,9:30,65,16
94,2018-05-07,Mon,10:00,204,19
20,2018-05-07,Mon,11:30,156,19
116,2018-05-07,Mon,11:30,257,19
94,2018-05-07,Mon,16:00,157,19
94,2018-05-07,Mon,19:30,303,19
1,2018-05-07,Mon,2:00,188,19
44,2018-05-07,Mon,6:00,183,19
145,2018-05-07,Mon,9:30,111,19
97,2018-05-07,Mon,11:30,214,21
124,2018-05-07,Mon,7:30,234,21
21,2018-05-07,Mon,8:00,399,21
135,2018-05-07,Mon,8:00,149,21
133,2018-05-07,Mon,8:00,242,21
95,2018-05-07,Mon,9:30,375,21
122,2018-05-07,Mon,10:00,312,29
92,2018-05-07,Mon,10:00,152,29
92,2018-05-07,Mon,8:00,122,29
101,2018-05-07,Mon,11:30,45,30
17,2018-05-07,Mon,12:00,210,30
101,2018-05-07,Mon,12:00,119,30
144,2018-05-07,Mon,17:30,283,30
11,2018-05-07,Mon,8:00,184,30
130,2018-05-07,Mon,8:00,262,30
101,2018-05-07,Mon,9:30,102,30
89,2018-05-07,Mon,11:30,266,32
89,2018-05-07,Mon,16:00,299,32
9,2018-05-07,Mon,7:30,251,32
150,2018-05-07,Mon,8:00,253,32
127,2018-05-07,Mon,9:30,105,32
90,2018-05-07,Mon,11:30,258,39
91,2018-05-07,Mon,12:00,322,39
90,2018-05-07,Mon,16:00,329,39
91,2018-05-07,Mon,17:30,180,39
98,2018-05-07,Mon,5:30,145,39
33,2018-05-07,Mon,8:00,212,39
125,2018-05-07,Mon,9:30,245,39
27,2018-05-08,Tue,14:00,78,4
93,2018-05-08,Tue,15:30,198,4
16,2018-05-08,Tue,19:30,235,4
93,2018-05-08,Tue,8:00,317,4
88,2018-05-08,Tue,9:30,231,4
111,2018-05-08,Tue,10:00,311,11
129,2018-05-08,Tue,10:00,110,11
106,2018-05-08,Tue,11:30,197,11
30,2018-05-08,Tue,14:00,339,11
93,2018-05-08,Tue,14:00,76,11
108,2018-05-08,Tue,14:00,107,11
109,2018-05-08,Tue,14:00,228,11
119,2018-05-08,Tue,14:00,295,11
37,2018-05-08,Tue,15:30,168,11
110,2018-05-08,Tue,15:30,242,11
38,2018-05-08,Tue,17:30,82,11
106,2018-05-08,Tue,17:30,223,11
110,2018-05-08,Tue,20:00,336,11
108,2018-05-08,Tue,7:30,131,11
109,2018-05-08,Tue,7:30,299,11
111,2018-05-08,Tue,8:00,115,11
119,2018-05-08,Tue,9:30,244,11
108,2018-05-08,Tue,9:30,91,11
129,2018-05-08,Tue,12:00,100,16
7,2018-05-08,Tue,14:00,152,16
34,2018-05-08,Tue,14:00,316,16
104,2018-05-08,Tue,7:30,209,16
1,2018-05-08,Tue,11:30,58,19
145,2018-05-08,Tue,13:30,230,19
94,2018-05-08,Tue,6:00,145,19
44,2018-05-08,Tue,7:30,124,19
94,2018-05-08,Tue,8:00,248,19
133,2018-05-08,Tue,10:00,166,21
97,2018-05-08,Tue,11:30,82,21
142,2018-05-08,Tue,11:30,274,21
124,2018-05-08,Tue,14:00,98,21
21,2018-05-08,Tue,19:30,241,21
135,2018-05-08,Tue,6:00,455,21
45,2018-05-08,Tue,9:30,285,21
92,2018-05-08,Tue,14:00,347,29
5,2018-05-08,Tue,20:00,296,29
92,2018-05-08,Tue,8:00,119,29
11,2018-05-08,Tue,20:00,423,30
101,2018-05-08,Tue,4:00,112,30
130,2018-05-08,Tue,6:00,100,30
150,2018-05-08,Tue,10:00,223,32
89,2018-05-08,Tue,15:30,256,32
127,2018-05-08,Tue,8:00,133,32
149,2018-05-08,Tue,8:00,305,32
98,2018-05-08,Tue,10:00,115,39
91,2018-05-08,Tue,14:00,533,39
90,2018-05-08,Tue,16:00,98,39
91,2018-05-08,Tue,7:30,362,39
41,2018-05-08,Tue,8:00,169,39
125,2018-05-08,Tue,8:00,138,39
37,2018-05-09,Wed,10:00,98,4
37,2018-05-09,Wed,12:00,299,4
93,2018-05-09,Wed,16:00,96,4
93,2018-05-09,Wed,20:00,193,4
86,2018-05-09,Wed,8:00,346,4
93,2018-05-09,Wed,9:30,350,4
134,2018-05-09,Wed,10:00,122,11
109,2018-05-09,Wed,11:30,202,11
106,2018-05-09,Wed,11:30,277,11
93,2018-05-09,Wed,17:30,142,11
119,2018-05-09,Wed,5:30,480,11
30,2018-05-09,Wed,6:00,274,11
16,2018-05-09,Wed,7:30,195,11
29,2018-05-09,Wed,7:30,246,11
95,2018-05-09,Wed,7:30,99,11
110,2018-05-09,Wed,8:00,278,11
8,2018-05-09,Wed,8:00,153,11
121,2018-05-09,Wed,8:00,55,11
106,2018-05-09,Wed,9:30,42,11
108,2018-05-09,Wed,9:30,135,11
45,2018-05-09,Wed,9:30,194,11
111,2018-05-09,Wed,9:30,322,11
12,2018-05-09,Wed,12:00,136,16
129,2018-05-09,Wed,8:00,271,16
20,2018-05-09,Wed,11:30,101,19
145,2018-05-09,Wed,11:30,132,19
113,2018-05-09,Wed,11:30,68,19
94,2018-05-09,Wed,12:00,158,19
96,2018-05-09,Wed,12:00,108,19
103,2018-05-09,Wed,12:00,136,19
20,2018-05-09,Wed,13:30,84,19
94,2018-05-09,Wed,16:00,330,19
44,2018-05-09,Wed,5:30,97,19
23,2018-05-09,Wed,8:00,347,19
1,2018-05-09,Wed,9:30,467,19
94,2018-05-09,Wed,9:30,155,19
42,2018-05-09,Wed,9:30,315,19
99,2018-05-09,Wed,9:30,233,19
133,2018-05-09,Wed,10:00,228,21
124,2018-05-09,Wed,8:00,145,21
21,2018-05-09,Wed,9:30,309,21
5,2018-05-09,Wed,10:00,150,29
92,2018-05-09,Wed,12:00,105,29
92,2018-05-09,Wed,9:30,173,29
17,2018-05-09,Wed,16:00,260,30
11,2018-05-09,Wed,3:30,149,30
144,2018-05-09,Wed,9:30,270,30
130,2018-05-09,Wed,9:30,265,30
150,2018-05-09,Wed,10:00,191,32
89,2018-05-09,Wed,16:00,221,32
89,2018-05-09,Wed,20:00,247,32
13,2018-05-09,Wed,7:30,338,32
90,2018-05-09,Wed,10:00,337,39
91,2018-05-09,Wed,10:00,190,39
91,2018-05-09,Wed,16:00,150,39
90,2018-05-09,Wed,17:30,326,39
125,2018-05-09,Wed,4:00,129,39
33,2018-05-09,Wed,7:30,333,39
37,2018-05-10,Thu,14:00,321,4
93,2018-05-10,Thu,14:00,103,4
93,2018-05-10,Thu,16:00,243,4
27,2018-05-10,Thu,18:00,253,4
86,2018-05-10,Thu,8:00,346,4
136,2018-05-10,Thu,9:30,317,4
111,2018-05-10,Thu,10:00,62,11
119,2018-05-10,Thu,10:00,41,11
111,2018-05-10,Thu,11:30,214,11
119,2018-05-10,Thu,11:30,251,11
121,2018-05-10,Thu,11:30,52,11
106,2018-05-10,Thu,14:00,252,11
108,2018-05-10,Thu,14:00,181,11
110,2018-05-10,Thu,14:00,62,11
25,2018-05-10,Thu,15:30,160,11
111,2018-05-10,Thu,15:30,180,11
119,2018-05-10,Thu,15:30,123,11
19,2018-05-10,Thu,17:30,171,11
36,2018-05-10,Thu,18:00,128,11
106,2018-05-10,Thu,19:30,365,11
119,2018-05-10,Thu,6:00,129,11
108,2018-05-10,Thu,7:30,308,11
110,2018-05-10,Thu,8:00,235,11
119,2018-05-10,Thu,8:00,118,11
109,2018-05-10,Thu,9:30,449,11
104,2018-05-10,Thu,10:00,56,16
7,2018-05-10,Thu,15:30,102,16
12,2018-05-10,Thu,17:30,89,16
77,2018-05-10,Thu,9:30,190,16
107,2018-05-10,Thu,14:00,264,19
23,2018-05-10,Thu,16:00,311,19
118,2018-05-10,Thu,16:00,140,19
1,2018-05-10,Thu,17:30,279,19
145,2018-05-10,Thu,7:30,359,19
94,2018-05-10,Thu,8:00,361,19
135,2018-05-10,Thu,6:00,166,21
92,2018-05-10,Thu,14:00,204,29
92,2018-05-10,Thu,9:30,241,29
130,2018-05-10,Thu,12:00,216,30
17,2018-05-10,Thu,14:00,187,30
11,2018-05-10,Thu,15:30,380,30
89,2018-05-10,Thu,10:00,262,32
127,2018-05-10,Thu,10:00,130,32
149,2018-05-10,Thu,10:00,131,32
13,2018-05-10,Thu,11:30,241,32
89,2018-05-10,Thu,16:00,251,32
3,2018-05-10,Thu,18:00,427,32
9,2018-05-10,Thu,20:00,261,32
150,2018-05-10,Thu,6:00,104,32
98,2018-05-10,Thu,10:00,74,39
42,2018-05-10,Thu,11:30,299,39
90,2018-05-10,Thu,11:30,121,39
41,2018-05-10,Thu,14:00,99,39
90,2018-05-10,Thu,14:00,260,39
91,2018-05-10,Thu,14:00,243,39
98,2018-05-10,Thu,14:00,162,39
33,2018-05-10,Thu,16:00,135,39
42,2018-05-10,Thu,19:30,287,39
90,2018-05-10,Thu,7:30,214,39
91,2018-05-10,Thu,7:30,163,39
41,2018-05-10,Thu,9:30,270,39
91,2018-05-10,Thu,9:30,158,39
93,2018-05-11,Fri,10:00,372,4
16,2018-05-11,Fri,10:00,295,4
37,2018-05-11,Fri,12:00,256,4
136,2018-05-11,Fri,12:00,96,4
29,2018-05-11,Fri,5:30,198,4
27,2018-05-11,Fri,6:00,143,4
134,2018-05-11,Fri,7:30,104,4
29,2018-05-11,Fri,8:00,118,4
37,2018-05-11,Fri,9:30,152,4
25,2018-05-11,Fri,11:30,51,11
30,2018-05-11,Fri,11:30,156,11
106,2018-05-11,Fri,11:30,210,11
110,2018-05-11,Fri,11:30,71,11
36,2018-05-11,Fri,12:00,297,11
111,2018-05-11,Fri,14:00,84,11
108,2018-05-11,Fri,5:30,274,11
109,2018-05-11,Fri,5:30,124,11
134,2018-05-11,Fri,5:30,102,11
119,2018-05-11,Fri,7:30,240,11
27,2018-05-11,Fri,9:30,194,11
129,2018-05-11,Fri,10:00,193,16
12,2018-05-11,Fri,10:00,189,16
34,2018-05-11,Fri,10:00,68,16
104,2018-05-11,Fri,5:30,108,16
104,2018-05-11,Fri,7:30,331,16
7,2018-05-11,Fri,9:30,362,16
118,2018-05-11,Fri,10:00,529,19
20,2018-05-11,Fri,11:30,162,19
23,2018-05-11,Fri,11:30,260,19
105,2018-05-11,Fri,12:00,175,19
94,2018-05-11,Fri,19:30,84,19
1,2018-05-11,Fri,7:30,166,19
44,2018-05-11,Fri,9:30,129,19
146,2018-05-11,Fri,9:30,132,19
97,2018-05-11,Fri,11:30,300,21
21,2018-05-11,Fri,12:00,273,21
45,2018-05-11,Fri,14:00,182,21
133,2018-05-11,Fri,16:00,296,21
95,2018-05-11,Fri,8:00,128,21
124,2018-05-11,Fri,8:00,259,21
92,2018-05-11,Fri,10:00,379,29
122,2018-05-11,Fri,11:30,113,29
5,2018-05-11,Fri,12:00,257,29
130,2018-05-11,Fri,10:00,191,30
11,2018-05-11,Fri,10:00,323,30
17,2018-05-11,Fri,11:30,85,30
17,2018-05-11,Fri,8:00,104,30
101,2018-05-11,Fri,8:00,91,30
144,2018-05-11,Fri,9:30,226,30
3,2018-05-11,Fri,13:30,192,32
13,2018-05-11,Fri,15:30,256,32
149,2018-05-11,Fri,5:30,313,32
2,2018-05-11,Fri,6:00,120,32
127,2018-05-11,Fri,7:30,178,32
9,2018-05-11,Fri,8:00,288,32
89,2018-05-11,Fri,9:30,267,32
42,2018-05-11,Fri,10:00,321,39
125,2018-05-11,Fri,10:00,216,39
90,2018-05-11,Fri,11:30,147,39
91,2018-05-11,Fri,12:00,91,39
33,2018-05-11,Fri,13:30,354,39
90,2018-05-11,Fri,16:00,189,39
91,2018-05-11,Fri,7:30,293,39
93,2018-05-12,Sat,11:30,134,4
84,2018-05-12,Sat,16:00,168,11
86,2018-05-12,Sat,10:00,293,19
88,2018-05-12,Sat,16:00,274,19
88,2018-05-12,Sat,9:30,168,19
92,2018-05-12,Sat,6:00,422,29
89,2018-05-12,Sat,10:00,456,32
90,2018-05-12,Sat,10:00,190,39
90,2018-05-12,Sat,16:00,319,39
98,2018-05-13,Sun,5:30,267,11
29,2018-05-13,Sun,6:00,290,19
86,2018-05-13,Sun,9:30,279,19
22,2018-05-13,Sun,11:30,154,21
84,2018-05-13,Sun,16:00,135,21
91,2018-05-13,Sun,10:00,155,39
27,2018-05-14,Mon,12:00,91,4
37,2018-05-14,Mon,12:00,75,4
93,2018-05-14,Mon,16:00,331,4
93,2018-05-14,Mon,23:30,117,4
88,2018-05-14,Mon,7:30,136,4
27,2018-05-14,Mon,9:30,97,4
136,2018-05-14,Mon,9:30,178,4
97,2018-05-14,Mon,10:00,75,11
29,2018-05-14,Mon,10:00,118,11
134,2018-05-14,Mon,10:00,252,11
27,2018-05-14,Mon,11:30,83,11
29,2018-05-14,Mon,12:00,287,11
106,2018-05-14,Mon,14:00,103,11
110,2018-05-14,Mon,3:30,60,11
19,2018-05-14,Mon,5:30,75,11
110,2018-05-14,Mon,5:30,125,11
25,2018-05-14,Mon,6:00,91,11
109,2018-05-14,Mon,7:30,122,11
111,2018-05-14,Mon,7:30,343,11
119,2018-05-14,Mon,7:30,330,11
45,2018-05-14,Mon,7:30,188,11
77,2018-05-14,Mon,8:00,260,11
108,2018-05-14,Mon,8:00,242,11
106,2018-05-14,Mon,9:30,270,11
30,2018-05-14,Mon,9:30,171,11
37,2018-05-14,Mon,9:30,187,11
109,2018-05-14,Mon,9:30,139,11
104,2018-05-14,Mon,10:00,110,16
129,2018-05-14,Mon,10:00,242,16
7,2018-05-14,Mon,11:30,360,16
12,2018-05-14,Mon,12:00,449,16
132,2018-05-14,Mon,6:00,98,16
94,2018-05-14,Mon,12:00,350,19
145,2018-05-14,Mon,12:00,123,19
112,2018-05-14,Mon,15:30,138,19
94,2018-05-14,Mon,18:00,224,19
1,2018-05-14,Mon,4:00,107,19
94,2018-05-14,Mon,9:30,173,19
97,2018-05-14,Mon,11:30,414,21
133,2018-05-14,Mon,6:00,220,21
21,2018-05-14,Mon,7:30,293,21
135,2018-05-14,Mon,7:30,167,21
95,2018-05-14,Mon,9:30,271,21
124,2018-05-14,Mon,9:30,177,21
92,2018-05-14,Mon,16:00,200,29
5,2018-05-14,Mon,7:30,143,29
92,2018-05-14,Mon,9:30,266,29
122,2018-05-14,Mon,9:30,251,29
101,2018-05-14,Mon,11:30,47,30
130,2018-05-14,Mon,11:30,279,30
143,2018-05-14,Mon,12:00,138,30
17,2018-05-14,Mon,8:00,347,30
101,2018-05-14,Mon,9:30,114,30
130,2018-05-14,Mon,9:30,87,30
89,2018-05-14,Mon,10:00,113,32
127,2018-05-14,Mon,10:00,303,32
89,2018-05-14,Mon,16:00,328,32
9,2018-05-14,Mon,7:30,212,32
3,2018-05-14,Mon,7:30,334,32
150,2018-05-14,Mon,8:00,288,32
2,2018-05-14,Mon,9:30,282,32
13,2018-05-14,Mon,9:30,240,32
90,2018-05-14,Mon,11:30,270,39
98,2018-05-14,Mon,11:30,141,39
90,2018-05-14,Mon,16:00,317,39
91,2018-05-14,Mon,19:30,283,39
98,2018-05-14,Mon,7:30,88,39
98,2018-05-14,Mon,8:00,147,39
134,2018-05-15,Tue,12:00,144,4
93,2018-05-15,Tue,14:00,237,4
27,2018-05-15,Tue,15:30,315,4
37,2018-05-15,Tue,15:30,183,4
93,2018-05-15,Tue,9:30,179,4
136,2018-05-15,Tue,9:30,150,4
119,2018-05-15,Tue,10:00,108,11
108,2018-05-15,Tue,10:00,47,11
106,2018-05-15,Tue,11:30,81,11
108,2018-05-15,Tue,11:30,296,11
109,2018-05-15,Tue,14:00,172,11
110,2018-05-15,Tue,14:00,281,11
119,2018-05-15,Tue,14:00,39,11
19,2018-05-15,Tue,15:30,195,11
106,2018-05-15,Tue,15:30,171,11
111,2018-05-15,Tue,15:30,159,11
119,2018-05-15,Tue,17:30,247,11
20,2018-05-15,Tue,18:00,37,11
110,2018-05-15,Tue,19:30,297,11
108,2018-05-15,Tue,7:30,209,11
109,2018-05-15,Tue,8:00,296,11
111,2018-05-15,Tue,9:30,285,11
133,2018-05-15,Tue,9:30,39,11
129,2018-05-15,Tue,11:30,145,16
34,2018-05-15,Tue,15:30,113,16
12,2018-05-15,Tue,16:00,67,16
104,2018-05-15,Tue,7:30,244,16
1,2018-05-15,Tue,11:30,147,19
145,2018-05-15,Tue,13:30,147,19
94,2018-05-15,Tue,15:30,95,19
120,2018-05-15,Tue,15:30,300,19
84,2018-05-15,Tue,3:30,163,19
94,2018-05-15,Tue,7:30,258,19
114,2018-05-15,Tue,9:30,360,19
97,2018-05-15,Tue,10:00,189,21
124,2018-05-15,Tue,12:00,136,21
21,2018-05-15,Tue,14:00,416,21
135,2018-05-15,Tue,5:30,192,21
133,2018-05-15,Tue,8:00,99,21
97,2018-05-15,Tue,9:30,57,21
122,2018-05-15,Tue,10:00,395,29
92,2018-05-15,Tue,15:30,385,29
5,2018-05-15,Tue,20:00,310,29
92,2018-05-15,Tue,7:30,245,29
144,2018-05-15,Tue,10:00,125,30
17,2018-05-15,Tue,14:00,263,30
130,2018-05-15,Tue,6:00,260,30
144,2018-05-15,Tue,8:00,119,30
150,2018-05-15,Tue,13:30,114,32
9,2018-05-15,Tue,14:00,266,32
2,2018-05-15,Tue,15:30,270,32
89,2018-05-15,Tue,15:30,104,32
89,2018-05-15,Tue,17:30,112,32
125,2018-05-15,Tue,12:00,197,39
90,2018-05-15,Tue,14:00,183,39
91,2018-05-15,Tue,14:00,135,39
33,2018-05-15,Tue,15:30,434,39
90,2018-05-15,Tue,21:30,105,39
91,2018-05-15,Tue,7:30,383,39
41,2018-05-15,Tue,8:00,240,39
42,2018-05-15,Tue,8:00,283,39
125,2018-05-15,Tue,9:30,138,39
136,2018-05-16,Wed,10:00,106,4
134,2018-05-16,Wed,11:30,284,4
93,2018-05-16,Wed,16:00,98,4
27,2018-05-16,Wed,5:30,302,4
16,2018-05-16,Wed,7:30,214,4
93,2018-05-16,Wed,7:30,413,4
29,2018-05-16,Wed,8:00,166,4
108,2018-05-16,Wed,10:00,292,11
106,2018-05-16,Wed,10:00,306,11
110,2018-05-16,Wed,10:00,276,11
109,2018-05-16,Wed,11:30,161,11
111,2018-05-16,Wed,12:00,129,11
109,2018-05-16,Wed,14:00,160,11
29,2018-05-16,Wed,5:30,160,11
38,2018-05-16,Wed,5:30,159,11
30,2018-05-16,Wed,6:00,211,11
119,2018-05-16,Wed,6:00,239,11
111,2018-05-16,Wed,7:30,283,11
45,2018-05-16,Wed,9:30,149,11
12,2018-05-16,Wed,10:00,144,16
34,2018-05-16,Wed,4:00,254,16
7,2018-05-16,Wed,5:30,287,16
12,2018-05-16,Wed,8:00,62,16
20,2018-05-16,Wed,10:00,110,19
96,2018-05-16,Wed,10:00,117,19
113,2018-05-16,Wed,10:00,289,19
120,2018-05-16,Wed,10:00,117,19
145,2018-05-16,Wed,11:30,139,19
96,2018-05-16,Wed,13:30,100,19
94,2018-05-16,Wed,16:00,357,19
44,2018-05-16,Wed,6:00,559,19
118,2018-05-16,Wed,6:00,387,19
94,2018-05-16,Wed,9:30,362,19
1,2018-05-16,Wed,9:30,236,19
91,2018-05-16,Wed,16:00,278,21
21,2018-05-16,Wed,5:30,288,21
133,2018-05-16,Wed,9:30,208,21
122,2018-05-16,Wed,7:30,195,29
92,2018-05-16,Wed,9:30,156,29
144,2018-05-16,Wed,8:00,382,30
149,2018-05-16,Wed,11:30,263,32
89,2018-05-16,Wed,16:00,250,32
89,2018-05-16,Wed,21:30,183,32
3,2018-05-16,Wed,6:00,234,32
9,2018-05-16,Wed,6:00,245,32
127,2018-05-16,Wed,8:00,214,32
91,2018-05-16,Wed,11:30,336,39
90,2018-05-16,Wed,12:00,163,39
90,2018-05-16,Wed,17:30,232,39
125,2018-05-16,Wed,5:30,179,39
90,2018-05-16,Wed,9:30,182,39
29,2018-05-17,Thu,11:30,430,4
134,2018-05-17,Thu,12:00,155,4
93,2018-05-17,Thu,14:00,95,4
93,2018-05-17,Thu,19:30,76,4
136,2018-05-17,Thu,7:30,387,4
88,2018-05-17,Thu,8:00,286,4
109,2018-05-17,Thu,10:00,286,11
119,2018-05-17,Thu,10:00,75,11
106,2018-05-17,Thu,11:30,62,11
119,2018-05-17,Thu,11:30,192,11
8,2018-05-17,Thu,14:00,119,11
108,2018-05-17,Thu,14:00,377,11
111,2018-05-17,Thu,14:00,206,11
106,2018-05-17,Thu,15:30,339,11
119,2018-05-17,Thu,15:30,283,11
8,2018-05-17,Thu,16:00,141,11
93,2018-05-17,Thu,20:00,120,11
119,2018-05-17,Thu,6:00,252,11
108,2018-05-17,Thu,7:30,30,11
111,2018-05-17,Thu,8:00,226,11
137,2018-05-17,Thu,8:00,102,11
105,2018-05-17,Thu,8:00,263,11
110,2018-05-17,Thu,9:30,288,11
34,2018-05-17,Thu,14:00,85,16
12,2018-05-17,Thu,15:30,183,16
34,2018-05-17,Thu,16:00,54,16
77,2018-05-17,Thu,9:30,277,16
44,2018-05-17,Thu,15:30,65,19
94,2018-05-17,Thu,15:30,305,19
107,2018-05-17,Thu,15:30,73,19
1,2018-05-17,Thu,16:00,153,19
23,2018-05-17,Thu,16:00,335,19
20,2018-05-17,Thu,16:00,280,19
118,2018-05-17,Thu,18:00,202,19
94,2018-05-17,Thu,8:00,198,19
145,2018-05-17,Thu,8:00,191,19
45,2018-05-17,Thu,11:30,45,21
124,2018-05-17,Thu,11:30,117,21
133,2018-05-17,Thu,7:30,353,21
92,2018-05-17,Thu,14:00,124,29
92,2018-05-17,Thu,16:00,226,29
92,2018-05-17,Thu,9:30,170,29
101,2018-05-17,Thu,10:00,42,30
130,2018-05-17,Thu,11:30,290,30
11,2018-05-17,Thu,14:00,202,30
89,2018-05-17,Thu,11:30,246,32
149,2018-05-17,Thu,11:30,209,32
13,2018-05-17,Thu,14:00,199,32
3,2018-05-17,Thu,18:00,232,32
127,2018-05-17,Thu,8:00,89,32
98,2018-05-17,Thu,10:00,169,39
90,2018-05-17,Thu,10:00,262,39
125,2018-05-17,Thu,11:30,165,39
90,2018-05-17,Thu,15:30,274,39
33,2018-05-17,Thu,16:00,222,39
42,2018-05-17,Thu,17:30,269,39
90,2018-05-17,Thu,6:00,113,39
91,2018-05-17,Thu,8:00,209,39
41,2018-05-17,Thu,9:30,249,39
136,2018-05-18,Fri,10:00,97,4
93,2018-05-18,Fri,11:30,423,4
37,2018-05-18,Fri,14:00,132,4
29,2018-05-18,Fri,5:30,422,4
16,2018-05-18,Fri,7:30,116,4
27,2018-05-18,Fri,9:30,261,4
111,2018-05-18,Fri,10:00,260,11
38,2018-05-18,Fri,11:30,135,11
106,2018-05-18,Fri,14:00,309,11
134,2018-05-18,Fri,5:30,41,11
109,2018-05-18,Fri,6:00,149,11
110,2018-05-18,Fri,6:00,85,11
108,2018-05-18,Fri,7:30,258,11
119,2018-05-18,Fri,7:30,121,11
110,2018-05-18,Fri,9:30,255,11
119,2018-05-18,Fri,9:30,112,11
7,2018-05-18,Fri,10:00,94,16
12,2018-05-18,Fri,10:00,128,16
34,2018-05-18,Fri,10:00,224,16
129,2018-05-18,Fri,12:00,172,16
34,2018-05-18,Fri,6:00,263,16
104,2018-05-18,Fri,7:30,342,16
20,2018-05-18,Fri,10:00,177,19
118,2018-05-18,Fri,10:00,284,19
1,2018-05-18,Fri,11:30,201,19
94,2018-05-18,Fri,12:00,223,19
23,2018-05-18,Fri,13:30,246,19
94,2018-05-18,Fri,17:30,146,19
94,2018-05-18,Fri,20:00,171,19
145,2018-05-18,Fri,6:00,239,19
116,2018-05-18,Fri,7:30,328,19
1,2018-05-18,Fri,8:00,161,19
44,2018-05-18,Fri,9:30,446,19
95,2018-05-18,Fri,10:00,124,21
97,2018-05-18,Fri,11:30,107,21
124,2018-05-18,Fri,12:00,350,21
133,2018-05-18,Fri,12:00,123,21
97,2018-05-18,Fri,13:30,161,21
135,2018-05-18,Fri,6:00,119,21
95,2018-05-18,Fri,8:00,138,21
45,2018-05-18,Fri,9:30,207,21
92,2018-05-18,Fri,11:30,197,29
5,2018-05-18,Fri,13:30,126,29
92,2018-05-18,Fri,7:30,194,29
144,2018-05-18,Fri,12:00,318,30
17,2018-05-18,Fri,7:30,167,30
101,2018-05-18,Fri,8:00,53,30
9,2018-05-18,Fri,10:00,378,32
3,2018-05-18,Fri,14:00,271,32
13,2018-05-18,Fri,14:00,134,32
89,2018-05-18,Fri,16:00,152,32
2,2018-05-18,Fri,4:00,314,32
127,2018-05-18,Fri,5:30,195,32
149,2018-05-18,Fri,6:00,176,32
89,2018-05-18,Fri,8:00,346,32
150,2018-05-18,Fri,8:00,128,32
90,2018-05-18,Fri,12:00,40,39
33,2018-05-18,Fri,13:30,192,39
42,2018-05-18,Fri,14:00,156,39
90,2018-05-18,Fri,16:00,131,39
91,2018-05-18,Fri,16:00,187,39
98,2018-05-18,Fri,8:00,361,39
91,2018-05-18,Fri,9:30,340,39
40,2018-05-18,Fri,9:30,97,39
94,2018-05-19,Sat,13:30,212,19
94,2018-05-19,Sat,16:00,230,19
86,2018-05-19,Sat,17:30,74,19
94,2018-05-19,Sat,9:30,166,19
87,2018-05-19,Sat,16:00,161,21
89,2018-05-19,Sat,11:30,87,32
91,2018-05-19,Sat,10:00,127,39
98,2018-05-20,Sun,5:30,317,11
85,2018-05-20,Sun,8:00,177,19
87,2018-05-20,Sun,9:30,207,21
27,2018-05-21,Mon,11:30,399,4
93,2018-05-21,Mon,16:00,32,4
93,2018-05-21,Mon,17:30,273,4
86,2018-05-21,Mon,5:30,372,4
88,2018-05-21,Mon,7:30,321,4
136,2018-05-21,Mon,7:30,119,4
16,2018-05-21,Mon,8:00,366,4
29,2018-05-21,Mon,8:00,270,4
37,2018-05-21,Mon,9:30,121,4
19,2018-05-21,Mon,10:00,217,11
108,2018-05-21,Mon,10:00,57,11
37,2018-05-21,Mon,11:30,211,11
30,2018-05-21,Mon,7:30,219,11
108,2018-05-21,Mon,7:30,167,11
119,2018-05-21,Mon,7:30,187,11
36,2018-05-21,Mon,7:30,72,11
137,2018-05-21,Mon,7:30,127,11
106,2018-05-21,Mon,8:00,111,11
109,2018-05-21,Mon,8:00,98,11
19,2018-05-21,Mon,8:00,116,11
45,2018-05-21,Mon,8:00,227,11
110,2018-05-21,Mon,8:00,167,11
109,2018-05-21,Mon,9:30,353,11
7,2018-05-21,Mon,10:00,97,16
129,2018-05-21,Mon,10:00,126,16
104,2018-05-21,Mon,11:30,46,16
34,2018-05-21,Mon,4:00,255,16
104,2018-05-21,Mon,9:30,109,16
23,2018-05-21,Mon,10:00,186,19
118,2018-05-21,Mon,10:00,183,19
145,2018-05-21,Mon,10:00,129,19
120,2018-05-21,Mon,11:30,149,19
94,2018-05-21,Mon,12:00,150,19
94,2018-05-21,Mon,16:00,202,19
94,2018-05-21,Mon,20:00,359,19
42,2018-05-21,Mon,4:00,393,19
94,2018-05-21,Mon,9:30,173,19
97,2018-05-21,Mon,10:00,123,21
124,2018-05-21,Mon,10:00,125,21
97,2018-05-21,Mon,12:00,116,21
98,2018-05-21,Mon,12:00,143,21
133,2018-05-21,Mon,5:30,147,21
21,2018-05-21,Mon,7:30,148,21
92,2018-05-21,Mon,10:00,244,29
5,2018-05-21,Mon,7:30,122,29
17,2018-05-21,Mon,11:30,107,30
101,2018-05-21,Mon,11:30,112,30
144,2018-05-21,Mon,16:00,136,30
11,2018-05-21,Mon,8:00,286,30
101,2018-05-21,Mon,8:00,50,30
101,2018-05-21,Mon,9:30,90,30
13,2018-05-21,Mon,10:00,151,32
89,2018-05-21,Mon,10:00,303,32
89,2018-05-21,Mon,17:30,206,32
3,2018-05-21,Mon,5:30,164,32
150,2018-05-21,Mon,9:30,255,32
125,2018-05-21,Mon,10:00,381,39
90,2018-05-21,Mon,11:30,405,39
33,2018-05-21,Mon,11:30,177,39
91,2018-05-21,Mon,16:00,261,39
98,2018-05-21,Mon,7:30,300,39
37,2018-05-22,Tue,14:00,374,4
93,2018-05-22,Tue,14:00,307,4
16,2018-05-22,Tue,19:30,256,4
93,2018-05-22,Tue,8:00,259,4
136,2018-05-22,Tue,8:00,157,4
111,2018-05-22,Tue,10:00,83,11
119,2018-05-22,Tue,10:00,63,11
133,2018-05-22,Tue,10:00,111,11
108,2018-05-22,Tue,11:30,331,11
30,2018-05-22,Tue,14:00,70,11
106,2018-05-22,Tue,14:00,46,11
109,2018-05-22,Tue,14:00,245,11
106,2018-05-22,Tue,15:30,224,11
119,2018-05-22,Tue,15:30,145,11
20,2018-05-22,Tue,16:00,118,11
110,2018-05-22,Tue,16:00,414,11
36,2018-05-22,Tue,19:30,116,11
108,2018-05-22,Tue,6:00,276,11
111,2018-05-22,Tue,6:00,96,11
109,2018-05-22,Tue,8:00,227,11
129,2018-05-22,Tue,12:00,138,16
34,2018-05-22,Tue,14:00,211,16
129,2018-05-22,Tue,14:00,137,16
104,2018-05-22,Tue,6:00,84,16
104,2018-05-22,Tue,7:30,237,16
94,2018-05-22,Tue,11:30,281,19
145,2018-05-22,Tue,13:30,190,19
118,2018-05-22,Tue,14:00,246,19
34,2018-05-22,Tue,17:30,305,19
20,2018-05-22,Tue,18:00,326,19
44,2018-05-22,Tue,7:30,304,19
94,2018-05-22,Tue,7:30,144,19
97,2018-05-22,Tue,10:00,116,21
21,2018-05-22,Tue,14:00,282,21
135,2018-05-22,Tue,6:00,316,21
45,2018-05-22,Tue,8:00,462,21
97,2018-05-22,Tue,9:30,65,21
122,2018-05-22,Tue,10:00,162,29
92,2018-05-22,Tue,10:00,366,29
17,2018-05-22,Tue,11:30,156,30
101,2018-05-22,Tue,4:00,55,30
150,2018-05-22,Tue,12:00,137,32
143,2018-05-22,Tue,14:00,126,32
3,2018-05-22,Tue,15:30,103,32
89,2018-05-22,Tue,15:30,116,32
2,2018-05-22,Tue,16:00,64,32
13,2018-05-22,Tue,19:30,198,32
149,2018-05-22,Tue,8:00,258,32
127,2018-05-22,Tue,9:30,109,32
91,2018-05-22,Tue,11:30,409,39
90,2018-05-22,Tue,14:00,102,39
90,2018-05-22,Tue,21:30,272,39
91,2018-05-22,Tue,8:00,108,39
41,2018-05-22,Tue,9:30,140,39
136,2018-05-23,Wed,10:00,192,4
16,2018-05-23,Wed,5:30,162,4
93,2018-05-23,Wed,7:30,180,4
134,2018-05-23,Wed,9:30,149,4
108,2018-05-23,Wed,10:00,210,11
36,2018-05-23,Wed,10:00,136,11
45,2018-05-23,Wed,10:00,184,11
110,2018-05-23,Wed,10:00,220,11
109,2018-05-23,Wed,11:30,288,11
37,2018-05-23,Wed,13:30,39,11
110,2018-05-23,Wed,14:00,149,11
27,2018-05-23,Wed,4:00,289,11
38,2018-05-23,Wed,5:30,66,11
95,2018-05-23,Wed,6:00,132,11
111,2018-05-23,Wed,6:00,95,11
45,2018-05-23,Wed,7:30,103,11
16,2018-05-23,Wed,8:00,137,11
111,2018-05-23,Wed,8:00,270,11
119,2018-05-23,Wed,8:00,250,11
106,2018-05-23,Wed,9:30,206,11
110,2018-05-23,Wed,9:30,46,11
12,2018-05-23,Wed,11:30,223,16
77,2018-05-23,Wed,21:30,169,16
34,2018-05-23,Wed,2:00,57,16
7,2018-05-23,Wed,3:30,399,16
34,2018-05-23,Wed,7:30,148,16
129,2018-05-23,Wed,7:30,176,16
117,2018-05-23,Wed,10:00,145,19
99,2018-05-23,Wed,11:30,224,19
113,2018-05-23,Wed,11:30,128,19
145,2018-05-23,Wed,12:00,138,19
103,2018-05-23,Wed,13:30,141,19
105,2018-05-23,Wed,16:00,187,19
94,2018-05-23,Wed,17:30,182,19
43,2018-05-23,Wed,6:00,243,19
99,2018-05-23,Wed,7:30,47,19
1,2018-05-23,Wed,8:00,430,19
94,2018-05-23,Wed,9:30,225,19
23,2018-05-23,Wed,9:30,209,19
84,2018-05-23,Wed,9:30,117,19
133,2018-05-23,Wed,11:30,242,21
91,2018-05-23,Wed,13:30,236,21
21,2018-05-23,Wed,6:00,54,21
21,2018-05-23,Wed,8:00,389,21
92,2018-05-23,Wed,10:00,72,29
5,2018-05-23,Wed,11:30,173,29
92,2018-05-23,Wed,13:30,78,29
122,2018-05-23,Wed,7:30,117,29
144,2018-05-23,Wed,10:00,300,30
17,2018-05-23,Wed,11:30,93,30
11,2018-05-23,Wed,5:30,169,30
2,2018-05-23,Wed,12:00,332,32
89,2018-05-23,Wed,16:00,181,32
89,2018-05-23,Wed,20:00,278,32
13,2018-05-23,Wed,5:30,152,32
127,2018-05-23,Wed,6:00,204,32
150,2018-05-23,Wed,7:30,178,32
9,2018-05-23,Wed,9:30,308,32
90,2018-05-23,Wed,10:00,64,39
90,2018-05-23,Wed,18:00,264,39
125,2018-05-23,Wed,3:30,135,39
125,2018-05-23,Wed,5:30,124,39
33,2018-05-23,Wed,7:30,473,39
91,2018-05-23,Wed,9:30,230,39
93,2018-05-24,Thu,14:00,163,4
38,2018-05-24,Thu,16:00,344,4
27,2018-05-24,Thu,17:30,304,4
16,2018-05-24,Thu,19:30,77,4
111,2018-05-24,Thu,10:00,147,11
95,2018-05-24,Thu,10:00,294,11
119,2018-05-24,Thu,10:00,149,11
109,2018-05-24,Thu,11:30,334,11
110,2018-05-24,Thu,14:00,173,11
111,2018-05-24,Thu,14:00,161,11
119,2018-05-24,Thu,14:00,188,11
108,2018-05-24,Thu,16:00,165,11
19,2018-05-24,Thu,17:30,220,11
111,2018-05-24,Thu,17:30,101,11
36,2018-05-24,Thu,18:00,44,11
106,2018-05-24,Thu,18:00,242,11
119,2018-05-24,Thu,7:30,184,11
108,2018-05-24,Thu,8:00,57,11
110,2018-05-24,Thu,9:30,53,11
104,2018-05-24,Thu,11:30,56,16
34,2018-05-24,Thu,15:30,126,16
7,2018-05-24,Thu,16:00,148,16
12,2018-05-24,Thu,16:00,210,16
104,2018-05-24,Thu,8:00,54,16
44,2018-05-24,Thu,11:30,165,19
1,2018-05-24,Thu,17:30,224,19
118,2018-05-24,Thu,17:30,285,19
107,2018-05-24,Thu,18:00,59,19
112,2018-05-24,Thu,8:00,303,19
97,2018-05-24,Thu,5:30,174,21
133,2018-05-24,Thu,6:00,297,21
95,2018-05-24,Thu,7:30,30,21
95,2018-05-24,Thu,8:00,45,21
97,2018-05-24,Thu,8:00,83,21
95,2018-05-24,Thu,9:30,30,21
124,2018-05-24,Thu,9:30,176,21
92,2018-05-24,Thu,15:30,185,29
92,2018-05-24,Thu,9:30,338,29
130,2018-05-24,Thu,12:00,304,30
11,2018-05-24,Thu,14:00,157,30
144,2018-05-24,Thu,8:00,289,30
101,2018-05-24,Thu,9:30,99,30
89,2018-05-24,Thu,10:00,323,32
2,2018-05-24,Thu,11:30,134,32
149,2018-05-24,Thu,12:00,148,32
13,2018-05-24,Thu,14:00,392,32
3,2018-05-24,Thu,17:30,312,32
9,2018-05-24,Thu,21:30,119,32
150,2018-05-24,Thu,6:00,86,32
150,2018-05-24,Thu,7:30,268,32
98,2018-05-24,Thu,10:00,72,39
91,2018-05-24,Thu,10:00,368,39
42,2018-05-24,Thu,11:30,312,39
41,2018-05-24,Thu,11:30,214,39
90,2018-05-24,Thu,11:30,176,39
33,2018-05-24,Thu,15:30,264,39
90,2018-05-24,Thu,15:30,294,39
90,2018-05-24,Thu,5:30,296,39
91,2018-05-24,Thu,6:00,285,39
93,2018-05-25,Fri,12:00,264,4
29,2018-05-25,Fri,5:30,174,4
27,2018-05-25,Fri,7:30,185,4
16,2018-05-25,Fri,8:00,131,4
37,2018-05-25,Fri,8:00,65,4
29,2018-05-25,Fri,8:00,194,4
93,2018-05-25,Fri,9:30,200,4
136,2018-05-25,Fri,9:30,116,4
106,2018-05-25,Fri,11:30,287,11
19,2018-05-25,Fri,12:00,373,11
111,2018-05-25,Fri,14:00,154,11
109,2018-05-25,Fri,6:00,56,11
110,2018-05-25,Fri,7:30,288,11
119,2018-05-25,Fri,8:00,40,11
119,2018-05-25,Fri,8:00,266,11
109,2018-05-25,Fri,9:30,235,11
129,2018-05-25,Fri,10:00,194,16
12,2018-05-25,Fri,10:00,206,16
6,2018-05-25,Fri,16:00,374,16
7,2018-05-25,Fri,6:00,244,16
77,2018-05-25,Fri,9:30,50,16
1,2018-05-25,Fri,10:00,279,19
23,2018-05-25,Fri,10:00,133,19
44,2018-05-25,Fri,12:00,281,19
94,2018-05-25,Fri,21:30,277,19
145,2018-05-25,Fri,6:00,178,19
20,2018-05-25,Fri,9:30,278,19
124,2018-05-25,Fri,10:00,219,21
95,2018-05-25,Fri,10:00,116,21
45,2018-05-25,Fri,11:30,319,21
97,2018-05-25,Fri,11:30,226,21
21,2018-05-25,Fri,11:30,111,21
95,2018-05-25,Fri,8:00,128,21
135,2018-05-25,Fri,8:00,106,21
122,2018-05-25,Fri,10:00,184,29
5,2018-05-25,Fri,14:00,285,29
92,2018-05-25,Fri,6:00,395,29
17,2018-05-25,Fri,7:30,146,30
101,2018-05-25,Fri,8:00,371,30
130,2018-05-25,Fri,9:30,144,30
11,2018-05-25,Fri,9:30,369,30
13,2018-05-25,Fri,11:30,119,32
9,2018-05-25,Fri,13:30,487,32
13,2018-05-25,Fri,13:30,150,32
3,2018-05-25,Fri,15:30,344,32
89,2018-05-25,Fri,16:00,114,32
2,2018-05-25,Fri,3:30,178,32
127,2018-05-25,Fri,7:30,286,32
89,2018-05-25,Fri,8:00,317,32
149,2018-05-25,Fri,8:00,213,32
33,2018-05-25,Fri,11:30,299,39
41,2018-05-25,Fri,11:30,327,39
90,2018-05-25,Fri,11:30,196,39
91,2018-05-25,Fri,12:00,288,39
90,2018-05-25,Fri,16:00,359,39
98,2018-05-25,Fri,7:30,371,39
91,2018-05-25,Fri,8:00,181,39
110,2018-05-26,Sat,10:00,184,11
19,2018-05-26,Sat,12:00,212,11
110,2018-05-26,Sat,8:00,113,11
17,2018-05-26,Sat,10:00,222,19
86,2018-05-26,Sat,16:00,171,19
19,2018-05-26,Sat,16:00,301,21
89,2018-05-26,Sat,17:30,446,32
103,2018-05-27,Sun,10:00,125,11
30,2018-05-27,Sun,13:30,182,11
103,2018-05-27,Sun,7:30,85,11
3,2018-05-27,Sun,10:00,61,19
86,2018-05-27,Sun,8:00,314,19
87,2018-05-27,Sun,11:30,119,21
84,2018-05-27,Sun,16:00,94,21
37,2018-05-28,Mon,10:00,261,4
27,2018-05-28,Mon,11:30,384,4
93,2018-05-28,Mon,16:00,107,4
93,2018-05-28,Mon,18:00,135,4
16,2018-05-28,Mon,8:00,127,4
29,2018-05-28,Mon,9:30,307,4
136,2018-05-28,Mon,9:30,206,4
97,2018-05-28,Mon,10:00,62,11
16,2018-05-28,Mon,11:30,195,11
108,2018-05-28,Mon,11:30,169,11
109,2018-05-28,Mon,11:30,205,11
110,2018-05-28,Mon,2:00,209,11
37,2018-05-28,Mon,6:00,107,11
111,2018-05-28,Mon,6:00,241,11
119,2018-05-28,Mon,6:00,346,11
137,2018-05-28,Mon,6:00,259,11
108,2018-05-28,Mon,7:30,203,11
30,2018-05-28,Mon,8:00,96,11
106,2018-05-28,Mon,8:00,321,11
27,2018-05-28,Mon,9:30,135,11
129,2018-05-28,Mon,11:30,79,16
104,2018-05-28,Mon,12:00,70,16
34,2018-05-28,Mon,5:30,207,16
77,2018-05-28,Mon,8:00,393,16
104,2018-05-28,Mon,9:30,82,16
34,2018-05-28,Mon,9:30,164,16
20,2018-05-28,Mon,10:00,274,19
117,2018-05-28,Mon,10:00,341,19
23,2018-05-28,Mon,12:00,232,19
94,2018-05-28,Mon,16:00,238,19
42,2018-05-28,Mon,4:00,414,19
23,2018-05-28,Mon,9:30,177,19
94,2018-05-28,Mon,9:30,199,19
145,2018-05-28,Mon,9:30,108,19
95,2018-05-28,Mon,11:30,186,21
97,2018-05-28,Mon,11:30,172,21
95,2018-05-28,Mon,8:00,128,21
124,2018-05-28,Mon,8:00,243,21
21,2018-05-28,Mon,8:00,367,21
98,2018-05-28,Mon,9:30,81,21
135,2018-05-28,Mon,9:30,126,21
92,2018-05-28,Mon,11:30,111,29
5,2018-05-28,Mon,6:00,124,29
92,2018-05-28,Mon,7:30,265,29
122,2018-05-28,Mon,9:30,157,29
11,2018-05-28,Mon,10:00,147,30
101,2018-05-28,Mon,12:00,139,30
144,2018-05-28,Mon,16:00,132,30
17,2018-05-28,Mon,7:30,245,30
130,2018-05-28,Mon,8:00,142,30
13,2018-05-28,Mon,10:00,279,32
89,2018-05-28,Mon,16:00,123,32
150,2018-05-28,Mon,8:00,228,32
89,2018-05-28,Mon,9:30,131,32
149,2018-05-28,Mon,9:30,276,32
90,2018-05-28,Mon,10:00,245,39
33,2018-05-28,Mon,10:00,150,39
125,2018-05-28,Mon,10:00,543,39
91,2018-05-28,Mon,11:30,346,39
90,2018-05-28,Mon,16:00,208,39
98,2018-05-28,Mon,6:00,216,39
93,2018-05-29,Tue,12:00,60,4
134,2018-05-29,Tue,12:00,103,4
93,2018-05-29,Tue,14:00,60,4
37,2018-05-29,Tue,16:00,393,4
93,2018-05-29,Tue,8:00,209,4
136,2018-05-29,Tue,9:30,176,4
121,2018-05-29,Tue,10:00,235,11
106,2018-05-29,Tue,11:30,143,11
109,2018-05-29,Tue,11:30,85,11
111,2018-05-29,Tue,12:00,294,11
27,2018-05-29,Tue,14:00,111,11
108,2018-05-29,Tue,14:00,299,11
109,2018-05-29,Tue,14:00,136,11
110,2018-05-29,Tue,14:00,50,11
119,2018-05-29,Tue,14:00,171,11
106,2018-05-29,Tue,15:30,367,11
108,2018-05-29,Tue,6:00,40,11
109,2018-05-29,Tue,7:30,235,11
111,2018-05-29,Tue,7:30,143,11
149,2018-05-29,Tue,7:30,48,11
149,2018-05-29,Tue,7:30,112,11
119,2018-05-29,Tue,8:00,295,11
129,2018-05-29,Tue,12:00,142,16
12,2018-05-29,Tue,16:00,282,16
104,2018-05-29,Tue,6:00,103,16
104,2018-05-29,Tue,8:00,90,16
94,2018-05-29,Tue,10:00,199,19
114,2018-05-29,Tue,11:30,212,19
120,2018-05-29,Tue,17:30,161,19
20,2018-05-29,Tue,18:00,276,19
94,2018-05-29,Tue,6:00,196,19
44,2018-05-29,Tue,9:30,253,19
21,2018-05-29,Tue,15:30,119,21
135,2018-05-29,Tue,6:00,443,21
122,2018-05-29,Tue,12:00,115,29
5,2018-05-29,Tue,19:30,343,29
92,2018-05-29,Tue,8:00,404,29
17,2018-05-29,Tue,14:00,196,30
101,2018-05-29,Tue,5:30,110,30
101,2018-05-29,Tue,7:30,38,30
89,2018-05-29,Tue,11:30,336,32
150,2018-05-29,Tue,11:30,111,32
3,2018-05-29,Tue,14:00,240,32
9,2018-05-29,Tue,14:00,266,32
143,2018-05-29,Tue,14:00,126,32
13,2018-05-29,Tue,21:30,119,32
13,2018-05-29,Tue,23:30,63,32
90,2018-05-29,Tue,14:00,336,39
90,2018-05-29,Tue,21:30,159,39
91,2018-05-29,Tue,8:00,419,39
41,2018-05-29,Tue,8:00,308,39
136,2018-05-30,Wed,10:00,168,4
134,2018-05-30,Wed,11:30,167,4
93,2018-05-30,Wed,12:00,284,4
16,2018-05-30,Wed,5:30,122,4
27,2018-05-30,Wed,5:30,202,4
93,2018-05-30,Wed,8:00,217,4
37,2018-05-30,Wed,9:30,157,4
110,2018-05-30,Wed,10:00,232,11
111,2018-05-30,Wed,10:00,298,11
108,2018-05-30,Wed,11:30,157,11
106,2018-05-30,Wed,14:00,113,11
109,2018-05-30,Wed,14:00,211,11
110,2018-05-30,Wed,14:00,257,11
93,2018-05-30,Wed,17:30,195,11
104,2018-05-30,Wed,7:30,54,11
111,2018-05-30,Wed,7:30,114,11
29,2018-05-30,Wed,7:30,206,11
119,2018-05-30,Wed,7:30,75,11
19,2018-05-30,Wed,8:00,98,11
119,2018-05-30,Wed,8:00,146,11
106,2018-05-30,Wed,9:30,220,11
34,2018-05-30,Wed,5:30,193,16
129,2018-05-30,Wed,6:00,342,16
12,2018-05-30,Wed,7:30,193,16
20,2018-05-30,Wed,10:00,211,19
145,2018-05-30,Wed,11:30,99,19
41,2018-05-30,Wed,11:30,360,19
113,2018-05-30,Wed,11:30,348,19
120,2018-05-30,Wed,11:30,99,19
94,2018-05-30,Wed,12:00,238,19
105,2018-05-30,Wed,15:30,157,19
94,2018-05-30,Wed,16:00,155,19
43,2018-05-30,Wed,7:30,353,19
99,2018-05-30,Wed,7:30,229,19
1,2018-05-30,Wed,9:30,384,19
117,2018-05-30,Wed,9:30,222,19
133,2018-05-30,Wed,12:00,215,21
21,2018-05-30,Wed,7:30,192,21
124,2018-05-30,Wed,8:00,70,21
92,2018-05-30,Wed,10:00,66,29
92,2018-05-30,Wed,13:30,294,29
17,2018-05-30,Wed,16:00,80,30
149,2018-05-30,Wed,10:00,408,32
2,2018-05-30,Wed,10:00,313,32
89,2018-05-30,Wed,16:00,249,32
13,2018-05-30,Wed,6:00,422,32
150,2018-05-30,Wed,7:30,129,32
91,2018-05-30,Wed,10:00,242,39
91,2018-05-30,Wed,16:00,253,39
125,2018-05-30,Wed,5:30,168,39
33,2018-05-30,Wed,8:00,284,39
90,2018-05-30,Wed,9:30,315,39
29,2018-05-31,Thu,11:30,208,4
93,2018-05-31,Thu,14:00,152,4
136,2018-05-31,Thu,8:00,310,4
109,2018-05-31,Thu,10:00,233,11
134,2018-05-31,Thu,10:00,40,11
106,2018-05-31,Thu,11:30,167,11
105,2018-05-31,Thu,12:00,298,11
30,2018-05-31,Thu,14:00,158,11
106,2018-05-31,Thu,14:00,275,11
108,2018-05-31,Thu,14:00,118,11
111,2018-05-31,Thu,14:00,59,11
119,2018-05-31,Thu,14:00,278,11
19,2018-05-31,Thu,15:30,84,11
109,2018-05-31,Thu,15:30,298,11
16,2018-05-31,Thu,18:00,121,11
36,2018-05-31,Thu,18:00,273,11
27,2018-05-31,Thu,19:30,228,11
106,2018-05-31,Thu,20:00,133,11
108,2018-05-31,Thu,6:00,463,11
110,2018-05-31,Thu,7:30,122,11
111,2018-05-31,Thu,8:00,211,11
119,2018-05-31,Thu,8:00,283,11
110,2018-05-31,Thu,9:30,189,11
7,2018-05-31,Thu,15:30,58,16
12,2018-05-31,Thu,15:30,237,16
34,2018-05-31,Thu,16:00,202,16
77,2018-05-31,Thu,8:00,130,16
129,2018-05-31,Thu,9:30,490,16
112,2018-05-31,Thu,11:30,379,19
94,2018-05-31,Thu,14:00,340,19
107,2018-05-31,Thu,15:30,53,19
23,2018-05-31,Thu,16:00,321,19
20,2018-05-31,Thu,18:00,233,19
107,2018-05-31,Thu,18:00,58,19
118,2018-05-31,Thu,20:00,313,19
94,2018-05-31,Thu,7:30,256,19
145,2018-05-31,Thu,8:00,301,19
44,2018-05-31,Thu,9:30,432,19
45,2018-05-31,Thu,11:30,258,21
21,2018-05-31,Thu,17:30,304,21
135,2018-05-31,Thu,4:00,92,21
95,2018-05-31,Thu,7:30,35,21
97,2018-05-31,Thu,7:30,209,21
95,2018-05-31,Thu,7:30,40,21
133,2018-05-31,Thu,7:30,121,21
124,2018-05-31,Thu,8:00,150,21
95,2018-05-31,Thu,8:00,43,21
92,2018-05-31,Thu,10:00,326,29
101,2018-05-31,Thu,11:30,60,30
17,2018-05-31,Thu,14:00,373,30
144,2018-05-31,Thu,8:00,115,30
89,2018-05-31,Thu,10:00,268,32
149,2018-05-31,Thu,13:30,124,32
127,2018-05-31,Thu,8:00,86,32
98,2018-05-31,Thu,10:00,72,39
91,2018-05-31,Thu,11:30,172,39
90,2018-05-31,Thu,12:00,127,39
91,2018-05-31,Thu,14:00,279,39
33,2018-05-31,Thu,17:30,142,39
42,2018-05-31,Thu,20:00,306,39
90,2018-05-31,Thu,5:30,182,39
91,2018-05-31,Thu,7:30,238,39
87,2018-05-31,Thu,8:00,187,39
90,2018-05-31,Thu,9:30,120,39
86,2018-06-01,Fri,4:00,116,4
16,2018-06-01,Fri,7:30,331,4
86,2018-06-01,Fri,7:30,419,4
93,2018-06-01,Fri,8:00,202,4
119,2018-06-01,Fri,11:30,267,11
106,2018-06-01,Fri,14:00,223,11
109,2018-06-01,Fri,5:30,329,11
110,2018-06-01,Fri,8:00,264,11
119,2018-06-01,Fri,9:30,157,11
104,2018-06-01,Fri,4:00,258,16
98,2018-06-01,Fri,10:00,352,19
105,2018-06-01,Fri,11:30,198,19
97,2018-06-01,Fri,13:30,216,21
92,2018-06-01,Fri,7:30,223,29
92,2018-06-01,Fri,10:00,317,30
101,2018-06-01,Fri,7:30,111,30
90,2018-06-01,Fri,12:00,272,39
91,2018-06-01,Fri,16:00,116,39
98,2018-06-01,Fri,8:00,144,39
91,2018-06-01,Fri,9:30,303,39
86,2018-06-02,Sat,10:00,146,19
94,2018-06-02,Sat,12:00,225,19
85,2018-06-02,Sat,8:00,347,19
94,2018-06-02,Sat,8:00,192,19
89,2018-06-02,Sat,11:30,333,32
89,2018-06-02,Sat,20:00,211,32
90,2018-06-02,Sat,17:30,56,39
90,2018-06-02,Sat,9:30,208,39
93,2018-06-03,Sun,17:30,127,4
93,2018-06-03,Sun,9:30,256,4
94,2018-06-03,Sun,10:00,108,19
85,2018-06-03,Sun,12:00,192,19
86,2018-06-03,Sun,13:30,191,19
94,2018-06-03,Sun,6:00,208,19
86,2018-06-03,Sun,7:30,96,19
93,2018-06-04,Mon,16:00,158,4
93,2018-06-04,Mon,20:00,204,4
97,2018-06-04,Mon,10:00,83,11
109,2018-06-04,Mon,10:00,341,11
110,2018-06-04,Mon,5:30,59,11
119,2018-06-04,Mon,6:00,55,11
110,2018-06-04,Mon,6:00,205,11
109,2018-06-04,Mon,7:30,58,11
111,2018-06-04,Mon,7:30,313,11
106,2018-06-04,Mon,8:00,94,11
37,2018-06-04,Mon,8:00,40,11
119,2018-06-04,Mon,8:00,215,11
108,2018-06-04,Mon,9:30,352,11
12,2018-06-04,Mon,11:30,244,16
104,2018-06-04,Mon,11:30,43,16
104,2018-06-04,Mon,8:00,90,16
94,2018-06-04,Mon,10:00,297,19
118,2018-06-04,Mon,11:30,167,19
94,2018-06-04,Mon,16:00,348,19
94,2018-06-04,Mon,8:00,131,19
145,2018-06-04,Mon,9:30,140,19
97,2018-06-04,Mon,11:30,383,21
95,2018-06-04,Mon,8:00,363,21
92,2018-06-04,Mon,16:00,167,29
92,2018-06-04,Mon,9:30,393,29
101,2018-06-04,Mon,10:00,71,30
101,2018-06-04,Mon,11:30,164,30
101,2018-06-04,Mon,8:00,76,30
101,2018-06-04,Mon,9:30,37,30
89,2018-06-04,Mon,10:00,303,32
90,2018-06-04,Mon,16:00,246,39
91,2018-06-04,Mon,16:00,393,39
98,2018-06-04,Mon,7:30,102,39
90,2018-06-04,Mon,9:30,136,39
98,2018-06-04,Mon,9:30,120,39
134,2018-06-05,Tue,10:00,255,4
93,2018-06-05,Tue,10:00,198,4
93,2018-06-05,Tue,15:30,173,4
88,2018-06-05,Tue,9:30,149,4
119,2018-06-05,Tue,10:00,229,11
108,2018-06-05,Tue,10:00,152,11
109,2018-06-05,Tue,10:00,281,11
110,2018-06-05,Tue,11:30,608,11
88,2018-06-05,Tue,11:30,311,11
111,2018-06-05,Tue,11:30,201,11
106,2018-06-05,Tue,14:00,153,11
119,2018-06-05,Tue,14:00,209,11
106,2018-06-05,Tue,17:30,87,11
106,2018-06-05,Tue,19:30,130,11
109,2018-06-05,Tue,5:30,46,11
108,2018-06-05,Tue,7:30,129,11
109,2018-06-05,Tue,8:00,62,11
104,2018-06-05,Tue,9:30,201,16
94,2018-06-05,Tue,14:00,344,19
117,2018-06-05,Tue,14:00,484,19
118,2018-06-05,Tue,14:00,268,19
97,2018-06-05,Tue,9:30,276,21
92,2018-06-05,Tue,7:30,248,29
101,2018-06-05,Tue,7:30,40,30
149,2018-06-05,Tue,12:00,316,32
89,2018-06-05,Tue,14:00,278,32
90,2018-06-05,Tue,10:00,218,39
98,2018-06-05,Tue,10:00,110,39
98,2018-06-05,Tue,12:00,106,39
90,2018-06-05,Tue,14:00,132,39
33,2018-06-05,Tue,15:30,190,39
91,2018-06-05,Tue,16:00,453,39
91,2018-06-05,Tue,8:00,480,39
125,2018-06-05,Tue,9:30,185,39
134,2018-06-06,Wed,10:00,269,4
37,2018-06-06,Wed,11:30,172,4
93,2018-06-06,Wed,17:30,347,4
93,2018-06-06,Wed,9:30,327,4
106,2018-06-06,Wed,10:00,149,11
37,2018-06-06,Wed,10:00,62,11
108,2018-06-06,Wed,11:30,50,11
109,2018-06-06,Wed,11:30,240,11
110,2018-06-06,Wed,14:00,297,11
119,2018-06-06,Wed,5:30,61,11
95,2018-06-06,Wed,6:00,61,11
111,2018-06-06,Wed,8:00,109,11
119,2018-06-06,Wed,8:00,253,11
110,2018-06-06,Wed,9:30,148,11
7,2018-06-06,Wed,9:30,266,16
94,2018-06-06,Wed,11:30,331,19
117,2018-06-06,Wed,11:30,253,19
120,2018-06-06,Wed,11:30,120,19
145,2018-06-06,Wed,12:00,125,19
20,2018-06-06,Wed,12:00,133,19
107,2018-06-06,Wed,7:30,227,19
99,2018-06-06,Wed,8:00,230,19
94,2018-06-06,Wed,9:30,110,19
135,2018-06-06,Wed,16:00,121,21
92,2018-06-06,Wed,10:00,289,29
92,2018-06-06,Wed,16:00,115,29
17,2018-06-06,Wed,10:00,204,30
11,2018-06-06,Wed,3:30,221,30
11,2018-06-06,Wed,7:30,327,30
130,2018-06-06,Wed,9:30,224,30
89,2018-06-06,Wed,19:30,147,32
89,2018-06-06,Wed,22:00,225,32
3,2018-06-06,Wed,5:30,241,32
91,2018-06-06,Wed,11:30,225,39
91,2018-06-06,Wed,16:00,88,39
91,2018-06-06,Wed,19:30,205,39
90,2018-06-06,Wed,9:30,196,39
93,2018-06-07,Thu,14:00,162,4
93,2018-06-07,Thu,18:00,256,4
111,2018-06-07,Thu,10:00,34,11
111,2018-06-07,Thu,11:30,110,11
109,2018-06-07,Thu,14:00,73,11
111,2018-06-07,Thu,14:00,65,11
106,2018-06-07,Thu,18:00,38,11
27,2018-06-07,Thu,19:30,200,11
106,2018-06-07,Thu,19:30,324,11
36,2018-06-07,Thu,21:30,192,11
119,2018-06-07,Thu,5:30,35,11
119,2018-06-07,Thu,5:30,153,11
95,2018-06-07,Thu,6:00,210,11
108,2018-06-07,Thu,6:00,538,11
110,2018-06-07,Thu,7:30,161,11
105,2018-06-07,Thu,7:30,30,11
119,2018-06-07,Thu,8:00,283,11
109,2018-06-07,Thu,9:30,180,11
94,2018-06-07,Thu,15:30,298,19
107,2018-06-07,Thu,16:00,296,19
117,2018-06-07,Thu,19:30,317,19
94,2018-06-07,Thu,8:00,391,19
145,2018-06-07,Thu,9:30,359,19
112,2018-06-07,Thu,9:30,238,19
97,2018-06-07,Thu,7:30,104,21
97,2018-06-07,Thu,9:30,68,21
92,2018-06-07,Thu,10:00,241,29
92,2018-06-07,Thu,14:00,229,29
89,2018-06-07,Thu,10:00,140,32
89,2018-06-07,Thu,14:00,377,32
91,2018-06-07,Thu,10:00,402,39
97,2018-06-07,Thu,10:00,184,39
90,2018-06-07,Thu,11:30,187,39
90,2018-06-07,Thu,15:30,287,39
91,2018-06-07,Thu,5:30,350,39
90,2018-06-07,Thu,7:30,239,39
93,2018-06-08,Fri,10:00,408,4
86,2018-06-08,Fri,4:00,378,4
108,2018-06-08,Fri,10:00,152,11
106,2018-06-08,Fri,11:30,285,11
111,2018-06-08,Fri,14:00,207,11
108,2018-06-08,Fri,7:30,134,11
110,2018-06-08,Fri,8:00,112,11
119,2018-06-08,Fri,9:30,265,11
104,2018-06-08,Fri,5:30,171,16
105,2018-06-08,Fri,11:30,222,19
94,2018-06-08,Fri,16:00,262,19
116,2018-06-08,Fri,5:30,303,19
95,2018-06-08,Fri,10:00,99,21
95,2018-06-08,Fri,8:00,145,21
92,2018-06-08,Fri,11:30,227,29
92,2018-06-08,Fri,6:00,250,29
101,2018-06-08,Fri,7:30,207,30
89,2018-06-08,Fri,16:00,285,32
150,2018-06-08,Fri,4:00,245,32
89,2018-06-08,Fri,8:00,175,32
90,2018-06-08,Fri,11:30,80,39
90,2018-06-08,Fri,16:00,102,39
91,2018-06-08,Fri,8:00,219,39
98,2018-06-08,Fri,9:30,361,39
108,2018-06-09,Sat,8:00,47,11
108,2018-06-09,Sat,9:30,362,11
86,2018-06-09,Sat,10:00,118,19
86,2018-06-09,Sat,16:00,286,19
88,2018-06-09,Sat,16:00,107,19
93,2018-06-10,Sun,10:00,204,4
98,2018-06-10,Sun,2:00,250,11
103,2018-06-10,Sun,8:00,232,11
91,2018-06-10,Sun,10:00,225,39
91,2018-06-10,Sun,17:30,305,39
134,2018-06-11,Mon,11:30,159,4
93,2018-06-11,Mon,17:30,56,4
93,2018-06-11,Mon,18:00,272,4
88,2018-06-11,Mon,5:30,460,4
97,2018-06-11,Mon,10:00,91,11
45,2018-06-11,Mon,11:30,133,11
111,2018-06-11,Mon,11:30,46,11
110,2018-06-11,Mon,5:30,197,11
119,2018-06-11,Mon,5:30,205,11
109,2018-06-11,Mon,6:00,102,11
108,2018-06-11,Mon,7:30,374,11
111,2018-06-11,Mon,7:30,128,11
45,2018-06-11,Mon,7:30,227,11
106,2018-06-11,Mon,8:00,168,11
109,2018-06-11,Mon,8:00,256,11
104,2018-06-11,Mon,11:30,81,16
104,2018-06-11,Mon,8:00,82,16
94,2018-06-11,Mon,16:00,209,19
42,2018-06-11,Mon,4:00,429,19
84,2018-06-11,Mon,4:00,261,19
94,2018-06-11,Mon,8:00,256,19
95,2018-06-11,Mon,11:30,225,21
97,2018-06-11,Mon,11:30,301,21
92,2018-06-11,Mon,12:00,324,29
92,2018-06-11,Mon,8:00,236,29
101,2018-06-11,Mon,9:30,38,30
89,2018-06-11,Mon,11:30,84,32
89,2018-06-11,Mon,16:00,193,32
90,2018-06-11,Mon,10:00,238,39
98,2018-06-11,Mon,10:00,101,39
91,2018-06-11,Mon,11:30,234,39
90,2018-06-11,Mon,16:00,91,39
91,2018-06-11,Mon,17:30,257,39
98,2018-06-11,Mon,6:00,148,39
98,2018-06-11,Mon,8:00,112,39
88,2018-06-12,Tue,10:00,151,4
134,2018-06-12,Tue,12:00,337,4
93,2018-06-12,Tue,14:00,101,4
93,2018-06-12,Tue,18:00,275,4
93,2018-06-12,Tue,9:30,184,4
106,2018-06-12,Tue,10:00,250,11
110,2018-06-12,Tue,10:00,574,11
119,2018-06-12,Tue,10:00,66,11
119,2018-06-12,Tue,11:30,234,11
25,2018-06-12,Tue,14:00,39,11
106,2018-06-12,Tue,14:00,229,11
108,2018-06-12,Tue,14:00,196,11
109,2018-06-12,Tue,14:00,296,11
111,2018-06-12,Tue,14:00,141,11
119,2018-06-12,Tue,15:30,169,11
119,2018-06-12,Tue,19:30,38,11
108,2018-06-12,Tue,7:30,57,11
109,2018-06-12,Tue,7:30,65,11
111,2018-06-12,Tue,7:30,313,11
109,2018-06-12,Tue,9:30,222,11
104,2018-06-12,Tue,9:30,208,16
116,2018-06-12,Tue,11:30,198,19
94,2018-06-12,Tue,14:00,239,19
94,2018-06-12,Tue,7:30,330,19
97,2018-06-12,Tue,10:00,35,21
95,2018-06-12,Tue,10:00,301,21
92,2018-06-12,Tue,14:00,343,29
92,2018-06-12,Tue,8:00,286,29
11,2018-06-12,Tue,18:00,258,30
101,2018-06-12,Tue,6:00,54,30
89,2018-06-12,Tue,14:00,90,32
89,2018-06-12,Tue,17:30,159,32
41,2018-06-12,Tue,10:00,150,39
90,2018-06-12,Tue,14:00,346,39
91,2018-06-12,Tue,15:30,292,39
41,2018-06-12,Tue,8:00,144,39
91,2018-06-12,Tue,8:00,232,39
98,2018-06-12,Tue,9:30,94,39
137,2018-06-13,Wed,10:00,82,4
93,2018-06-13,Wed,12:00,392,4
93,2018-06-13,Wed,21:30,335,4
27,2018-06-13,Wed,4:00,303,4
93,2018-06-13,Wed,9:30,130,4
108,2018-06-13,Wed,10:00,191,11
109,2018-06-13,Wed,10:00,99,11
110,2018-06-13,Wed,10:00,235,11
95,2018-06-13,Wed,10:00,43,11
106,2018-06-13,Wed,11:30,187,11
111,2018-06-13,Wed,12:00,115,11
110,2018-06-13,Wed,14:00,275,11
93,2018-06-13,Wed,18:00,144,11
119,2018-06-13,Wed,4:00,220,11
111,2018-06-13,Wed,7:30,256,11
119,2018-06-13,Wed,8:00,156,11
77,2018-06-13,Wed,0:00,151,16
77,2018-06-13,Wed,21:30,112,16
99,2018-06-13,Wed,11:30,37,19
94,2018-06-13,Wed,17:30,113,19
23,2018-06-13,Wed,7:30,96,19
1,2018-06-13,Wed,9:30,274,19
41,2018-06-13,Wed,9:30,204,19
117,2018-06-13,Wed,9:30,306,19
91,2018-06-13,Wed,17:30,119,21
91,2018-06-13,Wed,20:00,246,21
92,2018-06-13,Wed,10:00,172,29
92,2018-06-13,Wed,16:00,162,29
130,2018-06-13,Wed,10:00,183,30
89,2018-06-13,Wed,16:00,143,32
89,2018-06-13,Wed,19:30,186,32
89,2018-06-13,Wed,23:30,138,32
90,2018-06-13,Wed,11:30,232,39
91,2018-06-13,Wed,11:30,349,39
90,2018-06-13,Wed,16:00,383,39
91,2018-06-13,Wed,19:30,82,39
29,2018-06-14,Thu,11:30,139,4
93,2018-06-14,Thu,14:00,74,4
93,2018-06-14,Thu,16:00,88,4
27,2018-06-14,Thu,19:30,184,4
93,2018-06-14,Thu,20:00,185,4
86,2018-06-14,Thu,6:00,202,4
111,2018-06-14,Thu,10:00,168,11
119,2018-06-14,Thu,10:00,78,11
119,2018-06-14,Thu,11:30,126,11
108,2018-06-14,Thu,14:00,367,11
109,2018-06-14,Thu,14:00,196,11
111,2018-06-14,Thu,14:00,31,11
119,2018-06-14,Thu,14:00,44,11
106,2018-06-14,Thu,15:30,600,11
119,2018-06-14,Thu,6:00,54,11
108,2018-06-14,Thu,7:30,365,11
119,2018-06-14,Thu,7:30,163,11
109,2018-06-14,Thu,8:00,305,11
110,2018-06-14,Thu,8:00,266,11
137,2018-06-14,Thu,9:30,210,11
107,2018-06-14,Thu,11:30,48,19
112,2018-06-14,Thu,11:30,126,19
94,2018-06-14,Thu,14:00,182,19
105,2018-06-14,Thu,14:00,127,19
112,2018-06-14,Thu,15:30,120,19
118,2018-06-14,Thu,17:30,212,19
107,2018-06-14,Thu,18:00,296,19
94,2018-06-14,Thu,9:30,231,19
113,2018-06-14,Thu,9:30,148,19
97,2018-06-14,Thu,5:30,234,21
95,2018-06-14,Thu,6:00,51,21
95,2018-06-14,Thu,7:30,49,21
95,2018-06-14,Thu,9:30,40,21
92,2018-06-14,Thu,14:00,132,29
92,2018-06-14,Thu,8:00,319,29
101,2018-06-14,Thu,11:30,47,30
130,2018-06-14,Thu,12:00,228,30
89,2018-06-14,Thu,10:00,212,32
89,2018-06-14,Thu,14:00,344,32
150,2018-06-14,Thu,7:30,158,32
91,2018-06-14,Thu,11:30,284,39
90,2018-06-14,Thu,16:00,189,39
91,2018-06-14,Thu,6:00,350,39
90,2018-06-14,Thu,8:00,226,39
93,2018-06-15,Fri,16:00,301,4
106,2018-06-15,Fri,10:00,265,11
119,2018-06-15,Fri,10:00,183,11
111,2018-06-15,Fri,14:00,116,11
109,2018-06-15,Fri,5:30,293,11
108,2018-06-15,Fri,6:00,274,11
27,2018-06-15,Fri,6:00,162,11
110,2018-06-15,Fri,7:30,170,11
104,2018-06-15,Fri,5:30,334,16
129,2018-06-15,Fri,9:30,145,16
118,2018-06-15,Fri,10:00,228,19
105,2018-06-15,Fri,11:30,210,19
44,2018-06-15,Fri,8:00,312,19
92,2018-06-15,Fri,7:30,252,29
92,2018-06-15,Fri,11:30,216,30
101,2018-06-15,Fri,7:30,181,30
89,2018-06-15,Fri,16:00,193,32
89,2018-06-15,Fri,8:00,176,32
90,2018-06-15,Fri,12:00,145,39
91,2018-06-15,Fri,16:00,253,39
90,2018-06-15,Fri,17:30,57,39
90,2018-06-15,Fri,19:30,70,39
91,2018-06-15,Fri,8:00,322,39
98,2018-06-15,Fri,9:30,202,39
88,2018-06-16,Sat,10:00,337,19
86,2018-06-16,Sat,11:30,198,19
86,2018-06-16,Sat,19:30,215,19
87,2018-06-16,Sat,17:30,189,21
92,2018-06-16,Sat,7:30,292,29
92,2018-06-16,Sat,12:00,424,30
86,2018-06-17,Sun,9:30,357,19
93,2018-06-18,Mon,16:00,212,4
93,2018-06-18,Mon,20:00,269,4
27,2018-06-18,Mon,8:00,461,4
25,2018-06-18,Mon,4:00,101,11
110,2018-06-18,Mon,5:30,78,11
119,2018-06-18,Mon,5:30,222,11
109,2018-06-18,Mon,7:30,78,11
106,2018-06-18,Mon,8:00,46,11
111,2018-06-18,Mon,8:00,169,11
109,2018-06-18,Mon,8:00,360,11
110,2018-06-18,Mon,8:00,303,11
97,2018-06-18,Mon,9:30,74,11
108,2018-06-18,Mon,9:30,344,11
34,2018-06-18,Mon,11:30,216,16
104,2018-06-18,Mon,11:30,94,16
34,2018-06-18,Mon,6:00,317,16
120,2018-06-18,Mon,10:00,130,19
94,2018-06-18,Mon,12:00,150,19
20,2018-06-18,Mon,16:00,243,19
94,2018-06-18,Mon,8:00,220,19
97,2018-06-18,Mon,10:00,359,21
98,2018-06-18,Mon,7:30,107,21
95,2018-06-18,Mon,9:30,447,21
92,2018-06-18,Mon,11:30,172,29
5,2018-06-18,Mon,7:30,286,29
92,2018-06-18,Mon,9:30,151,29
101,2018-06-18,Mon,10:00,114,30
101,2018-06-18,Mon,8:00,142,30
89,2018-06-18,Mon,11:30,212,32
89,2018-06-18,Mon,16:00,129,32
90,2018-06-18,Mon,10:00,200,39
91,2018-06-18,Mon,12:00,412,39
87,2018-06-18,Mon,12:00,249,39
90,2018-06-18,Mon,16:00,201,39
98,2018-06-18,Mon,6:00,100,39
87,2018-06-18,Mon,7:30,99,39
98,2018-06-18,Mon,9:30,73,39
93,2018-06-19,Tue,10:00,264,4
93,2018-06-19,Tue,15:30,304,4
110,2018-06-19,Tue,10:00,194,11
108,2018-06-19,Tue,10:00,152,11
106,2018-06-19,Tue,11:30,82,11
106,2018-06-19,Tue,14:00,213,11
108,2018-06-19,Tue,14:00,117,11
109,2018-06-19,Tue,14:00,82,11
110,2018-06-19,Tue,14:00,137,11
119,2018-06-19,Tue,14:00,52,11
119,2018-06-19,Tue,16:00,192,11
108,2018-06-19,Tue,6:00,179,11
109,2018-06-19,Tue,7:30,260,11
111,2018-06-19,Tue,8:00,328,11
119,2018-06-19,Tue,9:30,166,11
104,2018-06-19,Tue,9:30,166,16
94,2018-06-19,Tue,10:00,318,19
115,2018-06-19,Tue,16:00,364,19
94,2018-06-19,Tue,7:30,133,19
133,2018-06-19,Tue,12:00,157,21
135,2018-06-19,Tue,4:00,404,21
45,2018-06-19,Tue,7:30,332,21
95,2018-06-19,Tue,9:30,344,21
92,2018-06-19,Tue,14:00,74,29
92,2018-06-19,Tue,9:30,210,29
101,2018-06-19,Tue,6:00,118,30
89,2018-06-19,Tue,16:00,180,32
90,2018-06-19,Tue,11:30,309,39
98,2018-06-19,Tue,11:30,127,39
91,2018-06-19,Tue,14:00,234,39
90,2018-06-19,Tue,19:30,127,39
91,2018-06-19,Tue,8:00,116,39
93,2018-06-20,Wed,19:30,218,4
93,2018-06-20,Wed,9:30,248,4
109,2018-06-20,Wed,10:00,253,11
108,2018-06-20,Wed,11:30,294,11
38,2018-06-20,Wed,3:30,42,11
119,2018-06-20,Wed,4:00,204,11
110,2018-06-20,Wed,8:00,173,11
111,2018-06-20,Wed,8:00,230,11
119,2018-06-20,Wed,8:00,209,11
106,2018-06-20,Wed,9:30,144,11
129,2018-06-20,Wed,6:00,200,16
117,2018-06-20,Wed,11:30,371,19
94,2018-06-20,Wed,12:00,154,19
94,2018-06-20,Wed,17:30,150,19
99,2018-06-20,Wed,8:00,135,19
113,2018-06-20,Wed,8:00,92,19
120,2018-06-20,Wed,8:00,302,19
92,2018-06-20,Wed,11:30,311,29
11,2018-06-20,Wed,4:00,313,30
89,2018-06-20,Wed,16:00,238,32
89,2018-06-20,Wed,21:30,231,32
150,2018-06-20,Wed,8:00,99,32
90,2018-06-20,Wed,10:00,287,39
91,2018-06-20,Wed,11:30,306,39
90,2018-06-20,Wed,16:00,127,39
91,2018-06-20,Wed,17:30,91,39
93,2018-06-21,Thu,14:00,184,4
106,2018-06-21,Thu,11:30,192,11
108,2018-06-21,Thu,11:30,282,11
110,2018-06-21,Thu,11:30,60,11
119,2018-06-21,Thu,11:30,82,11
111,2018-06-21,Thu,14:00,133,11
106,2018-06-21,Thu,16:00,171,11
111,2018-06-21,Thu,16:00,122,11
106,2018-06-21,Thu,19:30,334,11
119,2018-06-21,Thu,5:30,117,11
110,2018-06-21,Thu,7:30,264,11
105,2018-06-21,Thu,8:00,238,11
109,2018-06-21,Thu,9:30,160,11
111,2018-06-21,Thu,9:30,202,11
34,2018-06-21,Thu,14:00,194,16
104,2018-06-21,Thu,10:00,48,19
112,2018-06-21,Thu,10:00,133,19
117,2018-06-21,Thu,10:00,125,19
118,2018-06-21,Thu,16:00,217,19
107,2018-06-21,Thu,19:30,232,19
94,2018-06-21,Thu,9:30,372,19
21,2018-06-21,Thu,15:30,270,21
95,2018-06-21,Thu,5:30,45,21
97,2018-06-21,Thu,7:30,281,21
95,2018-06-21,Thu,7:30,47,21
101,2018-06-21,Thu,11:30,63,30
11,2018-06-21,Thu,15:30,152,30
89,2018-06-21,Thu,11:30,448,32
98,2018-06-21,Thu,11:30,122,39
90,2018-06-21,Thu,11:30,175,39
98,2018-06-21,Thu,14:00,99,39
91,2018-06-21,Thu,15:30,293,39
33,2018-06-21,Thu,17:30,117,39
90,2018-06-21,Thu,7:30,238,39
91,2018-06-21,Thu,7:30,376,39
93,2018-06-22,Fri,16:00,404,4
37,2018-06-22,Fri,6:00,247,4
93,2018-06-22,Fri,9:30,306,4
119,2018-06-22,Fri,10:00,237,11
106,2018-06-22,Fri,11:30,124,11
106,2018-06-22,Fri,15:30,129,11
108,2018-06-22,Fri,6:00,59,11
109,2018-06-22,Fri,6:00,224,11
110,2018-06-22,Fri,7:30,195,11
108,2018-06-22,Fri,8:00,255,11
119,2018-06-22,Fri,9:30,38,11
119,2018-06-22,Fri,9:30,50,11
105,2018-06-22,Fri,11:30,265,19
94,2018-06-22,Fri,21:30,222,19
20,2018-06-22,Fri,9:30,141,19
97,2018-06-22,Fri,12:00,253,21
95,2018-06-22,Fri,7:30,144,21
122,2018-06-22,Fri,11:30,138,29
92,2018-06-22,Fri,7:30,385,29
101,2018-06-22,Fri,8:00,179,30
89,2018-06-22,Fri,16:00,291,32
89,2018-06-22,Fri,8:00,289,32
91,2018-06-22,Fri,10:00,291,39
90,2018-06-22,Fri,11:30,33,39
42,2018-06-22,Fri,14:00,214,39
91,2018-06-22,Fri,16:00,307,39
98,2018-06-22,Fri,9:30,193,39
101,2018-06-23,Sat,11:30,40,11
101,2018-06-23,Sat,8:00,149,11
86,2018-06-23,Sat,12:00,252,19
88,2018-06-23,Sat,13:30,273,19
85,2018-06-24,Sun,11:30,62,19
94,2018-06-24,Sun,11:30,159,19
85,2018-06-24,Sun,19:30,100,19
94,2018-06-24,Sun,8:00,158,19
87,2018-06-24,Sun,11:30,210,21
92,2018-06-24,Sun,12:00,231,29
93,2018-06-25,Mon,12:00,247,4
93,2018-06-25,Mon,16:00,287,4
88,2018-06-25,Mon,5:30,263,4
98,2018-06-25,Mon,5:30,142,11
110,2018-06-25,Mon,5:30,297,11
119,2018-06-25,Mon,6:00,173,11
16,2018-06-25,Mon,6:00,120,11
109,2018-06-25,Mon,7:30,283,11
108,2018-06-25,Mon,8:00,303,11
111,2018-06-25,Mon,8:00,219,11
136,2018-06-25,Mon,8:00,70,11
106,2018-06-25,Mon,9:30,280,11
77,2018-06-25,Mon,7:30,224,16
94,2018-06-25,Mon,9:30,391,19
44,2018-06-25,Mon,9:30,132,19
97,2018-06-25,Mon,11:30,368,21
95,2018-06-25,Mon,9:30,363,21
5,2018-06-25,Mon,7:30,215,29
92,2018-06-25,Mon,8:00,309,29
101,2018-06-25,Mon,10:00,154,30
101,2018-06-25,Mon,7:30,157,30
89,2018-06-25,Mon,11:30,223,32
13,2018-06-25,Mon,12:00,88,32
89,2018-06-25,Mon,16:00,98,32
150,2018-06-25,Mon,7:30,292,32
13,2018-06-25,Mon,8:00,173,32
91,2018-06-25,Mon,12:00,295,39
90,2018-06-25,Mon,12:00,347,39
98,2018-06-25,Mon,7:30,85,39
90,2018-06-25,Mon,9:30,155,39
98,2018-06-25,Mon,9:30,82,39
134,2018-06-26,Tue,10:00,312,4
93,2018-06-26,Tue,14:00,280,4
93,2018-06-26,Tue,9:30,264,4
106,2018-06-26,Tue,11:30,101,11
111,2018-06-26,Tue,11:30,198,11
106,2018-06-26,Tue,14:00,224,11
109,2018-06-26,Tue,14:00,247,11
119,2018-06-26,Tue,14:00,224,11
119,2018-06-26,Tue,18:00,146,11
109,2018-06-26,Tue,6:00,69,11
108,2018-06-26,Tue,7:30,118,11
108,2018-06-26,Tue,9:30,297,11
109,2018-06-26,Tue,9:30,164,11
77,2018-06-26,Tue,17:30,227,16
104,2018-06-26,Tue,7:30,352,16
94,2018-06-26,Tue,10:00,220,19
116,2018-06-26,Tue,10:00,66,19
118,2018-06-26,Tue,11:30,254,19
145,2018-06-26,Tue,14:00,156,19
115,2018-06-26,Tue,15:30,155,19
94,2018-06-26,Tue,6:00,179,19
97,2018-06-26,Tue,8:00,200,21
92,2018-06-26,Tue,11:30,85,29
92,2018-06-26,Tue,14:00,106,29
101,2018-06-26,Tue,5:30,119,30
89,2018-06-26,Tue,14:00,104,32
98,2018-06-26,Tue,10:00,112,39
90,2018-06-26,Tue,11:30,170,39
91,2018-06-26,Tue,14:00,93,39
90,2018-06-26,Tue,15:30,149,39
91,2018-06-26,Tue,7:30,321,39
87,2018-06-26,Tue,8:00,387,39
93,2018-06-27,Wed,19:30,303,4
93,2018-06-27,Wed,7:30,215,4
106,2018-06-27,Wed,10:00,53,11
110,2018-06-27,Wed,10:00,115,11
109,2018-06-27,Wed,11:30,72,11
111,2018-06-27,Wed,11:30,160,11
110,2018-06-27,Wed,14:00,141,11
119,2018-06-27,Wed,6:00,253,11
95,2018-06-27,Wed,8:00,142,11
111,2018-06-27,Wed,8:00,183,11
108,2018-06-27,Wed,9:30,332,11
109,2018-06-27,Wed,9:30,94,11
110,2018-06-27,Wed,9:30,52,11
117,2018-06-27,Wed,10:00,91,19
94,2018-06-27,Wed,11:30,116,19
94,2018-06-27,Wed,18:00,133,19
44,2018-06-27,Wed,5:30,470,19
116,2018-06-27,Wed,9:30,303,19
120,2018-06-27,Wed,9:30,257,19
21,2018-06-27,Wed,5:30,413,21
92,2018-06-27,Wed,10:00,95,29
92,2018-06-27,Wed,13:30,252,29
144,2018-06-27,Wed,8:00,408,30
89,2018-06-27,Wed,16:00,181,32
89,2018-06-27,Wed,20:00,153,32
90,2018-06-27,Wed,10:00,385,39
91,2018-06-27,Wed,10:00,279,39
91,2018-06-27,Wed,16:00,224,39
93,2018-06-28,Thu,15:30,228,4
86,2018-06-28,Thu,8:00,329,4
109,2018-06-28,Thu,10:00,354,11
106,2018-06-28,Thu,11:30,267,11
119,2018-06-28,Thu,12:00,160,11
111,2018-06-28,Thu,15:30,154,11
106,2018-06-28,Thu,16:00,395,11
119,2018-06-28,Thu,6:00,291,11
108,2018-06-28,Thu,7:30,229,11
110,2018-06-28,Thu,7:30,257,11
111,2018-06-28,Thu,9:30,214,11
105,2018-06-28,Thu,9:30,39,11
94,2018-06-28,Thu,10:00,119,19
112,2018-06-28,Thu,11:30,67,19
94,2018-06-28,Thu,14:00,372,19
20,2018-06-28,Thu,17:30,395,19
107,2018-06-28,Thu,17:30,279,19
117,2018-06-28,Thu,17:30,146,19
120,2018-06-28,Thu,17:30,330,19
118,2018-06-28,Thu,19:30,294,19
94,2018-06-28,Thu,8:00,89,19
124,2018-06-28,Thu,12:00,187,21
95,2018-06-28,Thu,6:00,48,21
95,2018-06-28,Thu,7:30,44,21
95,2018-06-28,Thu,8:00,42,21
92,2018-06-28,Thu,14:00,210,29
92,2018-06-28,Thu,7:30,278,29
101,2018-06-28,Thu,10:00,64,30
130,2018-06-28,Thu,12:00,193,30
89,2018-06-28,Thu,11:30,133,32
89,2018-06-28,Thu,14:00,223,32
127,2018-06-28,Thu,7:30,128,32
98,2018-06-28,Thu,10:00,79,39
90,2018-06-28,Thu,10:00,259,39
91,2018-06-28,Thu,14:00,373,39
90,2018-06-28,Thu,15:30,305,39
91,2018-06-28,Thu,6:00,409,39
90,2018-06-28,Thu,7:30,142,39
93,2018-06-29,Fri,9:30,359,4
111,2018-06-29,Fri,11:30,250,11
108,2018-06-29,Fri,7:30,38,11
108,2018-06-29,Fri,8:00,262,11
110,2018-06-29,Fri,9:30,153,11
119,2018-06-29,Fri,9:30,130,11
104,2018-06-29,Fri,4:00,361,16
20,2018-06-29,Fri,10:00,249,19
94,2018-06-29,Fri,16:00,70,19
94,2018-06-29,Fri,20:00,289,19
84,2018-06-29,Fri,2:00,169,19
84,2018-06-29,Fri,5:30,272,19
95,2018-06-29,Fri,7:30,145,21
124,2018-06-29,Fri,7:30,296,21
92,2018-06-29,Fri,7:30,168,29
92,2018-06-29,Fri,9:30,235,30
89,2018-06-29,Fri,7:30,327,32
90,2018-06-29,Fri,11:30,320,39
90,2018-06-29,Fri,16:00,185,39
91,2018-06-29,Fri,16:00,251,39
98,2018-06-29,Fri,8:00,383,39
91,2018-06-29,Fri,9:30,198,39
109,2018-06-30,Sat,9:30,201,11
119,2018-07-01,Sun,11:30,109,11
119,2018-07-01,Sun,13:30,347,11
98,2018-07-01,Sun,4:00,52,11
98,2018-07-01,Sun,5:30,141,11
119,2018-07-01,Sun,9:30,119,11
86,2018-07-01,Sun,11:30,170,19
86,2018-07-01,Sun,8:00,68,19
87,2018-07-01,Sun,8:00,160,21
93,2018-07-02,Mon,16:00,231,4
93,2018-07-02,Mon,21:30,88,4
16,2018-07-02,Mon,6:00,278,4
98,2018-07-02,Mon,6:00,143,4
106,2018-07-02,Mon,10:00,47,11
108,2018-07-02,Mon,11:30,312,11
110,2018-07-02,Mon,4:00,190,11
109,2018-07-02,Mon,5:30,177,11
137,2018-07-02,Mon,5:30,235,11
45,2018-07-02,Mon,6:00,285,11
111,2018-07-02,Mon,7:30,174,11
119,2018-07-02,Mon,7:30,301,11
108,2018-07-02,Mon,8:00,96,11
109,2018-07-02,Mon,8:00,205,11
104,2018-07-02,Mon,7:30,115,16
145,2018-07-02,Mon,10:00,120,19
113,2018-07-02,Mon,10:00,306,19
94,2018-07-02,Mon,12:00,164,19
116,2018-07-02,Mon,15:30,232,19
94,2018-07-02,Mon,16:00,220,19
94,2018-07-02,Mon,7:30,253,19
97,2018-07-02,Mon,10:00,127,21
97,2018-07-02,Mon,12:00,240,21
133,2018-07-02,Mon,5:30,144,21
104,2018-07-02,Mon,8:00,99,21
133,2018-07-02,Mon,8:00,193,21
95,2018-07-02,Mon,9:30,314,21
92,2018-07-02,Mon,16:00,173,29
92,2018-07-02,Mon,9:30,313,29
101,2018-07-02,Mon,11:30,149,30
101,2018-07-02,Mon,9:30,113,30
89,2018-07-02,Mon,10:00,285,32
89,2018-07-02,Mon,16:00,359,32
90,2018-07-02,Mon,10:00,64,39
91,2018-07-02,Mon,12:00,382,39
90,2018-07-02,Mon,12:00,271,39
91,2018-07-02,Mon,18:00,153,39
98,2018-07-02,Mon,5:30,85,39
98,2018-07-02,Mon,9:30,134,39
93,2018-07-03,Tue,10:00,57,4
93,2018-07-03,Tue,14:00,56,4
93,2018-07-03,Tue,16:00,145,4
119,2018-07-03,Tue,10:00,112,11
109,2018-07-03,Tue,10:00,145,11
108,2018-07-03,Tue,11:30,215,11
25,2018-07-03,Tue,14:00,146,11
106,2018-07-03,Tue,14:00,92,11
119,2018-07-03,Tue,14:00,287,11
106,2018-07-03,Tue,16:00,123,11
110,2018-07-03,Tue,19:30,161,11
109,2018-07-03,Tue,5:30,270,11
108,2018-07-03,Tue,7:30,156,11
111,2018-07-03,Tue,8:00,87,11
108,2018-07-03,Tue,9:30,82,11
118,2018-07-03,Tue,10:00,222,19
94,2018-07-03,Tue,15:30,291,19
94,2018-07-03,Tue,8:00,263,19
124,2018-07-03,Tue,13:30,110,21
95,2018-07-03,Tue,7:30,129,21
97,2018-07-03,Tue,8:00,178,21
92,2018-07-03,Tue,14:00,220,29
92,2018-07-03,Tue,8:00,236,29
101,2018-07-03,Tue,8:00,66,30
89,2018-07-03,Tue,11:30,161,32
89,2018-07-03,Tue,14:00,203,32
90,2018-07-03,Tue,14:00,308,39
91,2018-07-03,Tue,15:30,452,39
91,2018-07-03,Tue,8:00,367,39
100,2018-07-04,Wed,10:00,310,4
93,2018-07-04,Wed,11:30,315,4
93,2018-07-04,Wed,18:00,165,4
93,2018-07-04,Wed,7:30,187,4
106,2018-07-04,Wed,10:00,38,11
108,2018-07-04,Wed,11:30,319,11
109,2018-07-04,Wed,11:30,107,11
119,2018-07-04,Wed,11:30,70,11
106,2018-07-04,Wed,14:00,298,11
93,2018-07-04,Wed,16:00,109,11
119,2018-07-04,Wed,6:00,246,11
110,2018-07-04,Wed,9:30,263,11
111,2018-07-04,Wed,9:30,224,11
12,2018-07-04,Wed,10:00,50,16
12,2018-07-04,Wed,11:30,312,16
99,2018-07-04,Wed,11:30,68,19
94,2018-07-04,Wed,12:00,299,19
113,2018-07-04,Wed,12:00,236,19
117,2018-07-04,Wed,14:00,352,19
94,2018-07-04,Wed,17:30,368,19
120,2018-07-04,Wed,8:00,275,19
91,2018-07-04,Wed,12:00,121,21
92,2018-07-04,Wed,11:30,377,29
89,2018-07-04,Wed,16:00,242,32
89,2018-07-04,Wed,21:30,133,32
150,2018-07-04,Wed,9:30,162,32
90,2018-07-04,Wed,10:00,274,39
91,2018-07-04,Wed,10:00,112,39
91,2018-07-04,Wed,16:00,246,39
93,2018-07-05,Thu,14:00,150,4
93,2018-07-05,Thu,19:30,232,4
136,2018-07-05,Thu,6:00,257,4
119,2018-07-05,Thu,10:00,196,11
106,2018-07-05,Thu,11:30,217,11
108,2018-07-05,Thu,11:30,203,11
110,2018-07-05,Thu,11:30,154,11
111,2018-07-05,Thu,14:00,181,11
119,2018-07-05,Thu,14:00,255,11
108,2018-07-05,Thu,15:30,96,11
106,2018-07-05,Thu,17:30,178,11
110,2018-07-05,Thu,6:00,215,11
109,2018-07-05,Thu,7:30,444,11
119,2018-07-05,Thu,8:00,152,11
111,2018-07-05,Thu,9:30,195,11
110,2018-07-05,Thu,9:30,109,11
117,2018-07-05,Thu,11:30,182,19
94,2018-07-05,Thu,15:30,251,19
107,2018-07-05,Thu,15:30,239,19
94,2018-07-05,Thu,9:30,333,19
116,2018-07-05,Thu,9:30,277,19
95,2018-07-05,Thu,8:00,33,21
97,2018-07-05,Thu,8:00,171,21
95,2018-07-05,Thu,9:30,54,21
124,2018-07-05,Thu,9:30,155,21
92,2018-07-05,Thu,14:00,210,29
92,2018-07-05,Thu,9:30,194,29
101,2018-07-05,Thu,14:00,54,30
89,2018-07-05,Thu,11:30,377,32
125,2018-07-05,Thu,10:00,282,39
90,2018-07-05,Thu,11:30,161,39
90,2018-07-05,Thu,14:00,225,39
91,2018-07-05,Thu,15:30,238,39
90,2018-07-05,Thu,6:00,266,39
87,2018-07-05,Thu,7:30,276,39
91,2018-07-05,Thu,7:30,315,39
98,2018-07-05,Thu,9:30,92,39
93,2018-07-06,Fri,11:30,319,4
93,2018-07-06,Fri,18:00,377,4
88,2018-07-06,Fri,6:00,163,4
16,2018-07-06,Fri,7:30,243,4
119,2018-07-06,Fri,10:00,181,11
110,2018-07-06,Fri,11:30,138,11
111,2018-07-06,Fri,14:00,265,11
109,2018-07-06,Fri,6:00,92,11
108,2018-07-06,Fri,7:30,265,11
119,2018-07-06,Fri,7:30,122,11
88,2018-07-06,Fri,8:00,205,11
110,2018-07-06,Fri,9:30,46,11
77,2018-07-06,Fri,10:00,65,16
104,2018-07-06,Fri,2:00,339,16
94,2018-07-06,Fri,12:00,384,19
133,2018-07-06,Fri,12:00,307,21
103,2018-07-06,Fri,10:00,122,29
92,2018-07-06,Fri,8:00,318,29
101,2018-07-06,Fri,6:00,356,30
17,2018-07-06,Fri,8:00,159,30
3,2018-07-06,Fri,12:00,253,32
89,2018-07-06,Fri,16:00,242,32
89,2018-07-06,Fri,9:30,268,32
90,2018-07-06,Fri,11:30,191,39
91,2018-07-06,Fri,9:30,334,39
98,2018-07-06,Fri,9:30,242,39
101,2018-07-07,Sat,11:30,285,11
101,2018-07-07,Sat,9:30,105,11
88,2018-07-07,Sat,12:00,136,19
94,2018-07-07,Sat,16:00,111,19
88,2018-07-07,Sat,17:30,344,19
86,2018-07-07,Sat,9:30,215,19
94,2018-07-07,Sat,9:30,258,19
91,2018-07-07,Sat,16:00,92,39
91,2018-07-07,Sat,8:00,291,39
119,2018-07-08,Sun,11:30,183,11
86,2018-07-08,Sun,9:30,158,19
90,2018-07-08,Sun,11:30,257,39
90,2018-07-08,Sun,17:30,232,39
29,2018-07-09,Mon,11:30,300,4
93,2018-07-09,Mon,17:30,290,4
88,2018-07-09,Mon,9:30,250,4
106,2018-07-09,Mon,10:00,207,11
106,2018-07-09,Mon,14:00,188,11
109,2018-07-09,Mon,6:00,87,11
119,2018-07-09,Mon,6:00,199,11
111,2018-07-09,Mon,7:30,258,11
109,2018-07-09,Mon,7:30,231,11
108,2018-07-09,Mon,9:30,188,11
104,2018-07-09,Mon,7:30,50,16
94,2018-07-09,Mon,17:30,132,19
84,2018-07-09,Mon,4:00,222,19
84,2018-07-09,Mon,8:00,150,19
95,2018-07-09,Mon,10:00,204,21
92,2018-07-09,Mon,12:00,154,29
92,2018-07-09,Mon,16:00,153,29
92,2018-07-09,Mon,9:30,199,29
89,2018-07-09,Mon,16:00,129,32
13,2018-07-09,Mon,8:00,162,32
89,2018-07-09,Mon,9:30,199,32
90,2018-07-09,Mon,10:00,143,39
98,2018-07-09,Mon,10:00,132,39
90,2018-07-09,Mon,16:00,260,39
91,2018-07-09,Mon,16:00,184,39
91,2018-07-09,Mon,20:00,206,39
98,2018-07-09,Mon,7:30,76,39
98,2018-07-09,Mon,8:00,79,39
93,2018-07-10,Tue,10:00,240,4
93,2018-07-10,Tue,14:00,274,4
109,2018-07-10,Tue,10:00,95,11
119,2018-07-10,Tue,10:00,48,11
106,2018-07-10,Tue,14:00,275,11
110,2018-07-10,Tue,14:00,336,11
111,2018-07-10,Tue,14:00,178,11
108,2018-07-10,Tue,15:30,257,11
119,2018-07-10,Tue,15:30,131,11
119,2018-07-10,Tue,19:30,208,11
108,2018-07-10,Tue,6:00,116,11
109,2018-07-10,Tue,6:00,230,11
111,2018-07-10,Tue,8:00,343,11
108,2018-07-10,Tue,8:00,347,11
104,2018-07-10,Tue,9:30,343,16
94,2018-07-10,Tue,15:30,268,19
84,2018-07-10,Tue,6:00,174,19
94,2018-07-10,Tue,7:30,209,19
116,2018-07-10,Tue,7:30,41,19
97,2018-07-10,Tue,7:30,245,21
95,2018-07-10,Tue,9:30,314,21
92,2018-07-10,Tue,9:30,364,29
101,2018-07-10,Tue,10:00,93,30
101,2018-07-10,Tue,8:00,47,30
150,2018-07-10,Tue,11:30,342,32
89,2018-07-10,Tue,14:00,124,32
89,2018-07-10,Tue,16:00,118,32
90,2018-07-10,Tue,11:30,307,39
98,2018-07-10,Tue,11:30,131,39
91,2018-07-10,Tue,14:00,435,39
90,2018-07-10,Tue,18:00,107,39
93,2018-07-11,Wed,12:00,256,4
93,2018-07-11,Wed,18:00,95,4
93,2018-07-11,Wed,8:00,191,4
108,2018-07-11,Wed,10:00,43,11
16,2017-09-01,Fri,9:30,326,4
16,2017-09-04,Mon,11:30,317,4
16,2017-09-04,Mon,6:00,271,4
16,2017-09-05,Tue,15:30,111,4
16,2017-09-06,Wed,8:00,263,4
16,2017-09-07,Thu,15:30,135,4
16,2017-09-08,Fri,8:00,357,4
16,2017-09-11,Mon,11:30,325,4
16,2017-09-11,Mon,7:30,241,4
16,2017-09-12,Tue,16:00,318,4
16,2017-09-13,Wed,13:30,140,4
16,2017-09-13,Wed,8:00,236,4
16,2017-09-14,Thu,15:30,387,4
16,2017-09-15,Fri,9:30,360,4
16,2017-09-18,Mon,9:30,235,4
16,2017-09-19,Tue,15:30,192,4
16,2017-09-20,Wed,7:30,348,4
16,2017-09-21,Thu,14:00,106,4
16,2017-09-22,Fri,10:00,235,4
16,2017-09-25,Mon,7:30,123,4
16,2017-09-25,Mon,9:30,219,4
16,2017-09-26,Tue,15:30,203,4
16,2017-09-27,Wed,6:00,52,4
16,2017-09-27,Wed,7:30,221,4
16,2017-09-28,Thu,14:00,281,4
16,2017-09-29,Fri,9:30,323,4
16,2017-10-02,Mon,5:30,298,4
16,2017-10-03,Tue,15:30,235,4
16,2017-10-04,Wed,10:00,124,4
16,2017-10-04,Wed,6:00,63,4
16,2017-10-05,Thu,15:30,340,4
16,2017-10-06,Fri,10:00,137,4
16,2017-10-06,Fri,14:00,208,4
16,2017-10-09,Mon,10:00,291,4
16,2017-10-09,Mon,6:00,211,4
16,2017-10-10,Tue,16:00,153,4
16,2017-10-10,Tue,18:00,280,4
16,2017-10-11,Wed,7:30,369,4
16,2017-10-12,Thu,15:30,368,4
16,2017-10-13,Fri,9:30,316,4
16,2017-10-16,Mon,6:00,392,4
16,2017-10-17,Tue,15:30,286,4
16,2017-10-18,Wed,7:30,153,4
16,2017-10-19,Thu,14:00,252,4
16,2017-10-20,Fri,9:30,357,4
16,2017-10-23,Mon,7:30,423,4
16,2017-10-24,Tue,14:00,315,4
16,2017-10-25,Wed,10:00,119,4
16,2017-10-25,Wed,7:30,149,4
16,2017-10-26,Thu,15:30,237,4
16,2017-10-27,Fri,10:00,497,4
16,2017-10-30,Mon,5:30,258,4
16,2017-10-31,Tue,15:30,159,4
16,2017-10-31,Tue,17:30,278,4
16,2017-11-01,Wed,9:30,62,4
16,2017-11-02,Thu,16:00,390,4
16,2017-11-03,Fri,9:30,358,4
16,2017-11-06,Mon,7:30,372,4
16,2017-11-07,Tue,16:00,198,4
16,2017-11-08,Wed,8:00,140,4
16,2017-11-09,Thu,16:00,393,4
16,2017-11-10,Fri,10:00,326,4
16,2017-11-13,Mon,6:00,408,4
16,2017-11-14,Tue,15:30,119,4
16,2017-11-14,Tue,17:30,111,4
16,2017-11-15,Wed,10:00,81,4
16,2017-11-15,Wed,8:00,55,4
16,2017-11-16,Thu,16:00,201,4
16,2017-11-17,Fri,9:30,298,4
16,2017-11-20,Mon,6:00,295,4
16,2017-11-21,Tue,15:30,128,4
16,2017-11-21,Tue,17:30,166,4
16,2017-11-22,Wed,8:00,266,4
16,2017-11-23,Thu,15:30,383,4
16,2017-11-24,Fri,9:30,336,4
16,2017-11-27,Mon,10:00,287,4
16,2017-11-27,Mon,6:00,191,4
16,2017-11-28,Tue,16:00,112,4
16,2017-11-28,Tue,18:00,82,4
16,2017-11-29,Wed,7:30,69,4
16,2017-11-29,Wed,9:30,201,4
16,2017-11-30,Thu,17:30,96,4
16,2017-12-01,Fri,8:00,319,4
16,2017-12-04,Mon,8:00,288,4
16,2017-12-05,Tue,14:00,111,4
16,2017-12-05,Tue,16:00,248,4
16,2017-12-06,Wed,9:30,293,4
16,2017-12-07,Thu,15:30,213,4
16,2017-12-08,Fri,9:30,376,4
16,2017-12-11,Mon,5:30,293,4
16,2017-12-12,Tue,14:00,119,4
16,2017-12-13,Wed,8:00,260,4
16,2017-12-14,Thu,16:00,201,4
16,2017-12-15,Fri,8:00,282,4
16,2017-12-18,Mon,4:00,329,4
16,2017-12-19,Tue,15:30,205,4
16,2017-12-20,Wed,7:30,42,4
16,2017-12-21,Thu,16:00,339,4
16,2017-12-22,Fri,9:30,334,4
16,2018-01-11,Thu,17:30,369,4
16,2018-01-19,Fri,13:30,231,4
16,2018-01-30,Tue,16:00,100,4
16,2018-01-30,Tue,17:30,337,4
16,2018-02-14,Wed,10:00,200,4
16,2018-02-14,Wed,7:30,73,4
16,2018-02-23,Fri,10:00,139,4
16,2018-03-02,Fri,6:00,375,4
16,2018-03-07,Wed,4:00,157,4
16,2018-03-08,Thu,18:00,75,4
16,2018-03-09,Fri,11:30,298,4
16,2018-03-12,Mon,8:00,136,4
16,2018-03-13,Tue,18:00,170,4
16,2018-03-14,Wed,6:00,106,4
16,2018-03-15,Thu,18:00,165,4
16,2018-03-19,Mon,7:30,286,4
16,2018-03-28,Wed,7:30,154,11
16,2018-04-02,Mon,6:00,313,11
16,2018-04-04,Wed,6:00,113,4
16,2018-04-04,Wed,9:30,255,11
16,2018-04-06,Fri,10:00,106,4
16,2018-04-11,Wed,5:30,135,4
16,2018-04-11,Wed,7:30,74,11
16,2018-04-12,Thu,18:00,173,4
16,2018-04-13,Fri,11:30,380,4
16,2018-04-13,Fri,8:00,212,4
16,2018-04-16,Mon,7:30,334,4
16,2018-04-18,Wed,8:00,125,4
16,2018-04-20,Fri,7:30,559,4
16,2018-04-23,Mon,8:00,313,4
16,2018-04-24,Tue,18:00,233,4
4,2017-10-15,Sun,12:00,225,21
4,2017-11-10,Fri,12:00,270,29
